"","Date","Rainfall_Settefrati","Temperature_Settefrati","Flow_Rate_Madonna_di_Canneto"
"1",2015-03-13,0,5.7,255.956525
"2",2015-03-14,5.8,7.1,289.5455614
"3",2015-03-15,7.4,4.9,289.9186152
"4",2015-03-16,8.6,7.5,290.0828956
"5",2015-03-17,7.6,7.55,290.6887766
"6",2015-03-18,0,8.4,285.417723
"7",2015-03-19,0,9.75,282.2443597
"8",2015-03-20,0,8.7,283.4899183
"9",2015-03-21,0,7.95,283.9203937
"10",2015-03-22,0.8,6.55,284.3272472
"11",2015-03-23,0,9.15,284.5879713
"12",2015-03-24,0,12.15,284.1688699
"13",2015-03-25,37.3,10.25,282.4008892
"14",2015-03-26,6,13.35,275.9375031
"15",2015-03-27,10.8,12,273.9198491
"16",2015-03-28,0,9.5,273.939755
"17",2015-03-29,0,9.6,273.6624202
"18",2015-03-30,0,10.6,278.0547162
"19",2015-03-31,0,13.35,276.8946238
"20",2015-04-01,0,12.05,275.0547686
"21",2015-04-02,0,11,273.9272583
"22",2015-04-03,0,9.45,273.877707
"23",2015-04-04,12.3,7.65,273.9227575
"24",2015-04-05,9.2,5.85,273.5561175
"25",2015-04-06,0,5.3,273.8512721
"26",2015-04-07,0,3.9,273.6301476
"27",2015-04-08,0,5.8,273.4032263
"28",2015-04-09,0,9.35,261.8903418
"29",2015-04-10,0,10.8,277.0050769
"30",2015-04-11,0,10.45,276.7164202
"31",2015-04-12,0,11.7,276.891222
"32",2015-04-13,0,13.75,276.8846717
"33",2015-04-14,0.4,14.6,274.9528374
"34",2015-04-15,0,15.25,273.6325181
"35",2015-04-16,0,14.9,273.6284511
"36",2015-04-17,0.2,14.35,273.8138785
"37",2015-04-18,0,12.8,273.90091
"38",2015-04-19,1.4,13.25,274.1168694
"39",2015-04-20,0.2,11.8,274.1432099
"40",2015-04-21,0,12.5,273.9929837
"41",2015-04-22,0,14.6,274.1490757
"42",2015-04-23,0,14.1,274.2687412
"43",2015-04-24,0.2,14.9,274.1271984
"44",2015-04-25,0.6,14.15,274.2048533
"45",2015-04-26,0,14.95,274.2385741
"46",2015-04-27,14,11.95,274.2566337
"47",2015-04-28,8.2,10.2,274.1222673
"48",2015-04-29,8.2,12.1,274.3879241
"49",2015-04-30,18.8,11.4,274.4474021
"50",2015-05-01,0,12.4,274.5162938
"51",2015-05-02,0,14.5,274.5120852
"52",2015-05-03,0,15.7,274.5641337
"53",2015-05-04,0,19.6,274.6890818
"54",2015-05-05,0,21.8,274.6811391
"55",2015-05-06,0.2,22.85,274.6076082
"56",2015-05-07,0,21.1,274.6448834
"57",2015-05-08,0,18.9,274.7271288
"58",2015-05-09,8.5,17.55,274.739544
"59",2015-05-10,0,17.6,274.8317938
"60",2015-05-11,0,17.6,274.695843
"61",2015-05-12,0,17.2,274.8093921
"62",2015-05-13,0,18.35,274.7552104
"63",2015-05-14,0,17.45,274.8586989
"64",2015-05-15,0,17.3,274.7366045
"65",2015-05-16,9.2,15.5,274.5748902
"66",2015-05-17,0,20.2,274.5263104
"67",2015-05-18,0,20.75,274.6188995
"68",2015-05-19,0,19.9,275.1666475
"69",2015-05-20,0,18.3,274.3945231
"70",2015-05-21,5,12,274.4671458
"71",2015-05-22,2.8,11.7,274.3421156
"72",2015-05-23,1.8,10.85,274.1636538
"73",2015-05-24,2,11.3,274.0833288
"74",2015-05-25,0,12.9,273.9533986
"75",2015-05-26,16.8,13.85,273.7992286
"76",2015-05-27,8.8,13.2,273.7222372
"77",2015-05-28,0.2,13.1,273.8666574
"78",2015-05-29,0,14.95,273.6717064
"79",2015-05-30,0,17.05,273.6753212
"80",2015-05-31,13.3,17.65,273.7554743
"81",2015-06-01,2.2,18.45,273.6683519
"82",2015-06-02,3.4,19.05,273.6685172
"83",2015-06-03,0,20.55,273.6884255
"84",2015-06-04,0,21.7,273.6998817
"85",2015-06-05,0,22.45,273.6648734
"86",2015-06-06,0,22.2,273.741792
"87",2015-06-07,0,21.25,273.8530483
"88",2015-06-08,2.6,20.45,273.7789352
"89",2015-06-09,1.4,19.15,NA
"90",2015-06-10,3.2,19.85,274.1147766
"91",2015-06-11,8.8,20.75,NA
"92",2015-06-12,0,20.85,NA
"93",2015-06-13,0,22.25,NA
"94",2015-06-14,0,20.25,NA
"95",2015-06-15,0.6,17.25,NA
"96",2015-06-16,0.8,19.65,NA
"97",2015-06-17,15.8,17.7,NA
"98",2015-06-18,0.2,16.75,274.3496109
"99",2015-06-19,21.9,18.2,273.9063992
"100",2015-06-20,37.5,18.2,NA
"101",2015-06-21,2.6,17.15,NA
"102",2015-06-22,0,17.5,NA
"103",2015-06-23,0,18.5,NA
"104",2015-06-24,3.6,19.8,NA
"105",2015-06-25,0,19,NA
"106",2015-06-26,0,18.8,NA
"107",2015-06-27,0,19.3,NA
"108",2015-06-28,0,21.1,NA
"109",2015-06-29,0,21.1,NA
"110",2015-06-30,0,22.1,NA
"111",2015-07-01,0,22.45,NA
"112",2015-07-02,0,23.05,NA
"113",2015-07-03,0,25,NA
"114",2015-07-04,0,24.5,NA
"115",2015-07-05,0,24.4,NA
"116",2015-07-06,0,25.15,NA
"117",2015-07-07,1.4,26.2,NA
"118",2015-07-08,0,24.8,NA
"119",2015-07-09,0,24.45,NA
"120",2015-07-10,0,24.45,NA
"121",2015-07-11,0,24.05,NA
"122",2015-07-12,0,24.65,NA
"123",2015-07-13,0,24.5,NA
"124",2015-07-14,0,24.75,NA
"125",2015-07-15,1.8,27.4,NA
"126",2015-07-16,0,27.3,NA
"127",2015-07-17,0,27.1,NA
"128",2015-07-18,0,28.35,NA
"129",2015-07-19,0,27.75,NA
"130",2015-07-20,0,27.25,NA
"131",2015-07-21,6.7,27.35,NA
"132",2015-07-22,5.6,26.45,NA
"133",2015-07-23,0.4,25.05,NA
"134",2015-07-24,4.2,23.95,NA
"135",2015-07-25,52.1,22.85,NA
"136",2015-07-26,0.2,23.3,NA
"137",2015-07-27,0,22,NA
"138",2015-07-28,0,23.35,NA
"139",2015-07-29,0,23,NA
"140",2015-07-30,0,24.15,NA
"141",2015-07-31,0,25.4,NA
"142",2015-08-01,0,26.1,NA
"143",2015-08-02,0,25.75,NA
"144",2015-08-03,9.6,25.05,NA
"145",2015-08-04,0,25.4,NA
"146",2015-08-05,0,26.5,NA
"147",2015-08-06,0,27.25,NA
"148",2015-08-07,0.8,27.4,NA
"149",2015-08-08,0,27.05,NA
"150",2015-08-09,6.2,25.55,NA
"151",2015-08-10,5.2,22.55,NA
"152",2015-08-11,22.3,20,NA
"153",2015-08-12,0.2,23.6,NA
"154",2015-08-13,0,25.4,NA
"155",2015-08-14,1.6,25.9,NA
"156",2015-08-15,0,22.8,NA
"157",2015-08-16,10.6,17.45,NA
"158",2015-08-17,0.2,18.5,NA
"159",2015-08-18,0,19.85,NA
"160",2015-08-19,12.7,18.3,NA
"161",2015-08-20,0,18.9,NA
"162",2015-08-21,9,19.1,NA
"163",2015-08-22,4.2,19.05,NA
"164",2015-08-23,0,19.8,NA
"165",2015-08-24,0,20.6,NA
"166",2015-08-25,0,22.4,NA
"167",2015-08-26,0,21.45,NA
"168",2015-08-27,0,23.25,NA
"169",2015-08-28,0,23.65,NA
"170",2015-08-29,0,25.25,NA
"171",2015-08-30,0,26,NA
"172",2015-08-31,0,25.8,NA
"173",2015-09-01,0,24.45,NA
"174",2015-09-02,0,23.25,NA
"175",2015-09-03,0,22.15,NA
"176",2015-09-04,2.7,21.9,NA
"177",2015-09-05,13.8,19.45,NA
"178",2015-09-06,0,17.6,NA
"179",2015-09-07,0,18.35,NA
"180",2015-09-08,0,18.25,NA
"181",2015-09-09,0,16.25,NA
"182",2015-09-10,0,17.65,NA
"183",2015-09-11,4,17.5,NA
"184",2015-09-12,0,18.1,NA
"185",2015-09-13,0,20.25,NA
"186",2015-09-14,2.2,20.4,NA
"187",2015-09-15,0,22.2,NA
"188",2015-09-16,0,23.2,NA
"189",2015-09-17,0,25.4,NA
"190",2015-09-18,0,25.95,NA
"191",2015-09-19,0.4,24.45,NA
"192",2015-09-20,1.2,19.45,NA
"193",2015-09-21,0,19.15,NA
"194",2015-09-22,0,17.35,NA
"195",2015-09-23,14.6,16.65,NA
"196",2015-09-24,1,15.2,NA
"197",2015-09-25,0,14.75,NA
"198",2015-09-26,0,14.45,NA
"199",2015-09-27,0,15.4,NA
"200",2015-09-28,0,14.2,NA
"201",2015-09-29,0,13.9,NA
"202",2015-09-30,0,13.95,227.6734397
"203",2015-10-01,8.2,12.95,NA
"204",2015-10-02,15.9,16.5,224.941935
"205",2015-10-03,0.2,16,NA
"206",2015-10-04,0,16,227.1598042
"207",2015-10-05,3.4,16,225.6479256
"208",2015-10-06,0.6,17.3,223.0236674
"209",2015-10-07,5.6,16.3,NA
"210",2015-10-08,0,15.4,NA
"211",2015-10-09,2,14.6,NA
"212",2015-10-10,34,14.5,NA
"213",2015-10-11,18.1,10.9,NA
"214",2015-10-12,0.2,12.95,NA
"215",2015-10-13,12.8,12.65,NA
"216",2015-10-14,31.2,17.2,NA
"217",2015-10-15,9.3,12.65,NA
"218",2015-10-16,0,12.1,NA
"219",2015-10-17,1.6,12.6,NA
"220",2015-10-18,0.4,11.8,NA
"221",2015-10-19,15,15.95,NA
"222",2015-10-20,0.2,14.15,NA
"223",2015-10-21,2.2,11.8,NA
"224",2015-10-22,11.4,8.5,NA
"225",2015-10-23,0,10.4,NA
"226",2015-10-24,0,11.95,NA
"227",2015-10-25,0,13.25,NA
"228",2015-10-26,0,12.65,NA
"229",2015-10-27,0,14.7,NA
"230",2015-10-28,6.4,12.65,NA
"231",2015-10-29,11.6,13.15,NA
"232",2015-10-30,10.6,10.7,NA
"233",2015-10-31,0,12.95,NA
"234",2015-11-01,0,12.4,NA
"235",2015-11-02,0,11.75,NA
"236",2015-11-03,0,13.2,NA
"237",2015-11-04,0,13.85,NA
"238",2015-11-05,0,14.25,NA
"239",2015-11-06,0,14.2,NA
"240",2015-11-07,0,14.25,NA
"241",2015-11-08,0,15.3,NA
"242",2015-11-09,0,15.1,NA
"243",2015-11-10,0,12.1,NA
"244",2015-11-11,0,14.4,NA
"245",2015-11-12,0,9.6,NA
"246",2015-11-13,0,11.75,NA
"247",2015-11-14,0,12.1,NA
"248",2015-11-15,0,11.25,NA
"249",2015-11-16,0,12.05,NA
"250",2015-11-17,0,11.1,NA
"251",2015-11-18,0,10.8,NA
"252",2015-11-19,0,10.9,NA
"253",2015-11-20,1.8,9.85,NA
"254",2015-11-21,35,9.4,NA
"255",2015-11-22,7.2,5.6,NA
"256",2015-11-23,6,5.9,NA
"257",2015-11-24,0.8,7.05,NA
"258",2015-11-25,0,6.2,NA
"259",2015-11-26,2.8,4.95,NA
"260",2015-11-27,7.2,6.5,NA
"261",2015-11-28,0,5.45,NA
"262",2015-11-29,0,5.7,NA
"263",2015-11-30,0,6.75,NA
"264",2015-12-01,0,8.9,NA
"265",2015-12-02,0,9.3,NA
"266",2015-12-03,0,8.35,NA
"267",2015-12-04,0,7.4,NA
"268",2015-12-05,0,8.2,NA
"269",2015-12-06,0,8.25,NA
"270",2015-12-07,0,9.3,NA
"271",2015-12-08,0,9.75,NA
"272",2015-12-09,0,8.8,NA
"273",2015-12-10,0,7.6,NA
"274",2015-12-11,0,5.75,NA
"275",2015-12-12,0,6.8,NA
"276",2015-12-13,0,5.85,NA
"277",2015-12-14,0,5.9,NA
"278",2015-12-15,0,6.3,NA
"279",2015-12-16,0,7.25,NA
"280",2015-12-17,0,6.65,NA
"281",2015-12-18,0,7.3,NA
"282",2015-12-19,0,7.5,NA
"283",2015-12-20,0,8.4,NA
"284",2015-12-21,0,8.15,NA
"285",2015-12-22,0,7.75,NA
"286",2015-12-23,0,8.35,NA
"287",2015-12-24,0,6.95,NA
"288",2015-12-25,0,8.15,NA
"289",2015-12-26,0,9.2,NA
"290",2015-12-27,0,9.3,NA
"291",2015-12-28,0,10.25,NA
"292",2015-12-29,0,7,NA
"293",2015-12-30,0,5.2,NA
"294",2015-12-31,0,3.85,NA
"295",2016-01-01,0,3.8,NA
"296",2016-01-02,7.4,4.6,NA
"297",2016-01-03,16.3,5.4,NA
"298",2016-01-04,13.6,4.85,NA
"299",2016-01-05,8.6,7.65,NA
"300",2016-01-06,14,4.4,NA
"301",2016-01-07,0.6,4.1,NA
"302",2016-01-08,1.2,8,NA
"303",2016-01-09,0.2,11.25,NA
"304",2016-01-10,9.6,10.85,NA
"305",2016-01-11,8.1,9.75,NA
"306",2016-01-12,5.1,7.3,NA
"307",2016-01-13,3.6,5.45,NA
"308",2016-01-14,17.6,3.1,NA
"309",2016-01-15,26.8,5.9,NA
"310",2016-01-16,0,3.4,NA
"311",2016-01-17,0,-0.4,NA
"312",2016-01-18,0,0.2,NA
"313",2016-01-19,0,0.35,NA
"314",2016-01-20,0,0.35,NA
"315",2016-01-21,6.2,5,NA
"316",2016-01-22,0,3.7,NA
"317",2016-01-23,0,2.9,NA
"318",2016-01-24,0,5,NA
"319",2016-01-25,0,5.6,NA
"320",2016-01-26,0,7.05,NA
"321",2016-01-27,0,6.85,NA
"322",2016-01-28,0,8.1,NA
"323",2016-01-29,0,8.1,NA
"324",2016-01-30,0,7.8,NA
"325",2016-01-31,0.8,7.3,NA
"326",2016-02-01,16,9.5,NA
"327",2016-02-02,0.2,9.3,NA
"328",2016-02-03,2.8,8.3,NA
"329",2016-02-04,1.2,4.9,NA
"330",2016-02-05,0,5.05,NA
"331",2016-02-06,0,6.15,NA
"332",2016-02-07,0.2,5,NA
"333",2016-02-08,3.8,7.6,NA
"334",2016-02-09,6.8,8.35,NA
"335",2016-02-10,9.2,5.5,NA
"336",2016-02-11,6.6,4.9,NA
"337",2016-02-12,10.6,5.45,NA
"338",2016-02-13,20.8,9.3,NA
"339",2016-02-14,40.1,8,NA
"340",2016-02-15,16.6,9.3,NA
"341",2016-02-16,1.2,12.75,NA
"342",2016-02-17,0,10.05,NA
"343",2016-02-18,0.8,6.4,NA
"344",2016-02-19,0.8,5.55,NA
"345",2016-02-20,0.4,6,NA
"346",2016-02-21,0,7.15,NA
"347",2016-02-22,0,9.25,NA
"348",2016-02-23,0,10.35,NA
"349",2016-02-24,0,9.45,NA
"350",2016-02-25,6.4,8.45,NA
"351",2016-02-26,13.8,7.5,NA
"352",2016-02-27,16.2,6.9,NA
"353",2016-02-28,25.7,11.85,NA
"354",2016-02-29,37.6,6.05,NA
"355",2016-03-01,0,6.95,NA
"356",2016-03-02,0,7.15,NA
"357",2016-03-03,17.2,3.4,NA
"358",2016-03-04,0.2,4.6,NA
"359",2016-03-05,13.9,4.6,NA
"360",2016-03-06,0.4,7.05,NA
"361",2016-03-07,5.6,3.25,NA
"362",2016-03-08,1.6,4.25,NA
"363",2016-03-09,8.2,2.5,NA
"364",2016-03-10,4.8,3.55,NA
"365",2016-03-11,0,6.95,NA
"366",2016-03-12,0.2,8.55,NA
"367",2016-03-13,0,7.85,NA
"368",2016-03-14,0,8.1,NA
"369",2016-03-15,2,4.65,NA
"370",2016-03-16,0,5.8,NA
"371",2016-03-17,3.8,8.5,NA
"372",2016-03-18,0.4,8.55,NA
"373",2016-03-19,1.4,8.85,NA
"374",2016-03-20,0,9.2,NA
"375",2016-03-21,0.2,12,NA
"376",2016-03-22,1.4,14.6,NA
"377",2016-03-23,4.2,10.2,NA
"378",2016-03-24,0.2,5.3,NA
"379",2016-03-25,0,6.55,NA
"380",2016-03-26,0,8.05,NA
"381",2016-03-27,0,9.3,NA
"382",2016-03-28,1.6,8.2,NA
"383",2016-03-29,0,10.8,NA
"384",2016-03-30,0,12.6,NA
"385",2016-03-31,0,14.9,NA
"386",2016-04-01,18,17.2,NA
"387",2016-04-02,0,17.2,NA
"388",2016-04-03,0,15.05,NA
"389",2016-04-04,0,16.6,NA
"390",2016-04-05,0,17.3,NA
"391",2016-04-06,0,18.75,NA
"392",2016-04-07,0.8,17.3,NA
"393",2016-04-08,1.2,12.9,NA
"394",2016-04-09,12.8,9.3,NA
"395",2016-04-10,0.6,10.6,NA
"396",2016-04-11,0,11.75,NA
"397",2016-04-12,0,14.05,NA
"398",2016-04-13,0,17.1,221.1757507
"399",2016-04-14,0,14.5,221.1757507
"400",2016-04-15,0,13,221.1757507
"401",2016-04-16,0,14.6,NA
"402",2016-04-17,0,18,NA
"403",2016-04-18,0,18.25,NA
"404",2016-04-19,0,14.55,221.1757507
"405",2016-04-20,0,14.5,221.1757507
"406",2016-04-21,0,14.05,221.1757507
"407",2016-04-22,0,12.6,221.1757507
"408",2016-04-23,25.8,11.05,240.5792804
"409",2016-04-24,32.5,9.3,275.6702681
"410",2016-04-25,15,4,275.9887048
"411",2016-04-26,2.2,5.6,276.6314134
"412",2016-04-27,2.8,10.7,276.1204195
"413",2016-04-28,0,11,276.0351943
"414",2016-04-29,0.2,13.7,275.9849944
"415",2016-04-30,1.4,14.05,276.2298441
"416",2016-05-01,6,11.15,276.9418741
"417",2016-05-02,7.8,7.6,277.0451587
"418",2016-05-03,0.2,12.95,275.6731375
"419",2016-05-04,0,12.35,275.6340509
"420",2016-05-05,0.6,12.45,275.8300855
"421",2016-05-06,4,12.1,275.6085185
"422",2016-05-07,5.4,14.3,275.6911855
"423",2016-05-08,0,15.15,275.879104
"424",2016-05-09,0,15.7,276.1018298
"425",2016-05-10,0,18.05,275.9746119
"426",2016-05-11,2.6,18.05,276.0763945
"427",2016-05-12,13.3,14.75,276.1332902
"428",2016-05-13,8.4,13.3,275.9379399
"429",2016-05-14,14.5,10.6,275.994158
"430",2016-05-15,31.9,13.45,276.2410629
"431",2016-05-16,6.4,13.25,276.6321392
"432",2016-05-17,15.1,9.8,276.5574008
"433",2016-05-18,0.2,12.2,276.3624376
"434",2016-05-19,6.6,11.75,276.5078096
"435",2016-05-20,2.6,10.65,276.4787982
"436",2016-05-21,0,17,276.5038126
"437",2016-05-22,0,16.9,276.6522585
"438",2016-05-23,0,15,276.63242
"439",2016-05-24,0.6,12.8,278.547754
"440",2016-05-25,0,14.8,276.8979097
"441",2016-05-26,0,16.9,276.9522639
"442",2016-05-27,0,20.05,275.7262533
"443",2016-05-28,0,21.35,277.126833
"444",2016-05-29,0,19.8,277.2510121
"445",2016-05-30,0,15.95,277.3687139
"446",2016-05-31,0,15.75,277.1448223
"447",2016-06-01,0,13.85,277.1255654
"448",2016-06-02,7.2,14.05,277.045497
"449",2016-06-03,3.6,15.95,276.8969536
"450",2016-06-04,13.3,16.4,277.0327085
"451",2016-06-05,1.8,17,276.9569736
"452",2016-06-06,4.6,17.85,276.9506957
"453",2016-06-07,2.2,16.8,277.0819815
"454",2016-06-08,3.2,18.5,276.9707063
"455",2016-06-09,9.1,16.75,277.1542318
"456",2016-06-10,1,17.3,274.7996841
"457",2016-06-11,0,17.75,277.145346
"458",2016-06-12,9.2,16.9,277.4690453
"459",2016-06-13,16.2,15.3,276.8425041
"460",2016-06-14,0,17.75,276.8709918
"461",2016-06-15,0,17.55,NA
"462",2016-06-16,0,20.1,277.1059204
"463",2016-06-17,0,20.05,276.9935108
"464",2016-06-18,0,19.25,277.0724309
"465",2016-06-19,12,16.6,276.9428153
"466",2016-06-20,0.2,15.6,277.1127232
"467",2016-06-21,0,18.45,276.9925734
"468",2016-06-22,0,21.25,276.9951204
"469",2016-06-23,2.8,22.95,277.0363684
"470",2016-06-24,0,25.25,276.9091559
"471",2016-06-25,0,25.1,276.8998325
"472",2016-06-26,0,23.95,276.8635076
"473",2016-06-27,0,20.75,277.1755239
"474",2016-06-28,0,20.4,277.018555
"475",2016-06-29,0,21.15,276.998983
"476",2016-06-30,6.8,22.35,276.9656608
"477",2016-07-01,4.6,22.95,277.0872416
"478",2016-07-02,0,23.75,277.2163325
"479",2016-07-03,0,23.7,277.2061131
"480",2016-07-04,0,24.05,277.033899
"481",2016-07-05,1.4,23.7,277.2789493
"482",2016-07-06,15,22.1,277.3454921
"483",2016-07-07,0,23,277.3437279
"484",2016-07-08,0,24.45,277.550972
"485",2016-07-09,0,23.95,277.9865694
"486",2016-07-10,15.1,24.25,278.5814214
"487",2016-07-11,0,24.5,279.9468057
"488",2016-07-12,0,26,281.6963671
"489",2016-07-13,0,24.85,282.0539736
"490",2016-07-14,0,20.55,282.3564243
"491",2016-07-15,0.6,16.4,282.8225756
"492",2016-07-16,0,15.9,283.0484409
"493",2016-07-17,0,17.6,283.6464433
"494",2016-07-18,0,21.3,283.7988291
"495",2016-07-19,0,23.6,284.4340034
"496",2016-07-20,0,24.9,284.8536861
"497",2016-07-21,0,25,285.256622
"498",2016-07-22,0,23.95,286.0645311
"499",2016-07-23,0,25.8,286.4610258
"500",2016-07-24,8.4,19.45,286.9831089
"501",2016-07-25,8.4,21.5,286.8368228
"502",2016-07-26,0.2,21.25,286.7390719
"503",2016-07-27,16.3,22.8,287.2794151
"504",2016-07-28,0.6,23.4,287.6775332
"505",2016-07-29,0,22.6,288.6508026
"506",2016-07-30,0,23.7,289.1457136
"507",2016-07-31,0,24.6,289.4631069
"508",2016-08-01,0,22.9,289.0679475
"509",2016-08-02,12.7,23,291.4645194
"510",2016-08-03,0,23,291.8707007
"511",2016-08-04,0,24,291.8392389
"512",2016-08-05,0,23.65,292.9908446
"513",2016-08-06,11.7,18.25,293.8918701
"514",2016-08-07,0,20.25,294.4546586
"515",2016-08-08,0.2,21.2,294.5351649
"516",2016-08-09,0,22.2,294.6945291
"517",2016-08-10,0,21.8,295.1120512
"518",2016-08-11,0.2,20.9,294.946034
"519",2016-08-12,0,18.25,295.0102957
"520",2016-08-13,0,18.8,294.8348528
"521",2016-08-14,0,20.95,295.064108
"522",2016-08-15,0,22.45,295.2427033
"523",2016-08-16,0,23.1,295.2630961
"524",2016-08-17,2.6,21.05,295.326775
"525",2016-08-18,1.8,20.85,295.2713698
"526",2016-08-19,0,21.1,294.7677332
"527",2016-08-20,0,22.95,295.0479089
"528",2016-08-21,0,23.8,295.1718293
"529",2016-08-22,0,21.25,295.3256178
"530",2016-08-23,0,19.65,295.1319468
"531",2016-08-24,0,21.05,295.0209237
"532",2016-08-25,0,21.85,294.6188372
"533",2016-08-26,0,23.85,294.8244902
"534",2016-08-27,0,24.15,294.6446884
"535",2016-08-28,0,23.6,294.7649894
"536",2016-08-29,0,22.85,294.8557078
"537",2016-08-30,1.6,23.1,294.8770817
"538",2016-08-31,1,20.75,292.2424907
"539",2016-09-01,0.4,21.15,294.6554726
"540",2016-09-02,0,22.8,294.5999651
"541",2016-09-03,0,23.95,294.604008
"542",2016-09-04,17.5,22.7,294.6496661
"543",2016-09-05,1.6,19.95,294.4624094
"544",2016-09-06,0,16.9,294.0303572
"545",2016-09-07,30.1,15.25,294.2023417
"546",2016-09-08,0.2,16.95,294.2041201
"547",2016-09-09,2.4,19.3,293.2369257
"548",2016-09-10,5.2,17.15,294.0538615
"549",2016-09-11,3,18.35,295.5932285
"550",2016-09-12,0,19.05,299.9394485
"551",2016-09-13,2.4,19.95,296.099689
"552",2016-09-14,1.4,20.3,293.5109205
"553",2016-09-15,0,19.2,294.4812448
"554",2016-09-16,25.5,19.4,290.7872657
"555",2016-09-17,1.2,16.95,283.4181
"556",2016-09-18,12.4,14.2,281.50078
"557",2016-09-19,5.9,13.85,281.3974709
"558",2016-09-20,0,17.15,293.8517211
"559",2016-09-21,1.4,16.2,300.0134779
"560",2016-09-22,4.2,16.55,300.0899728
"561",2016-09-23,0,15.8,299.991899
"562",2016-09-24,0,16.15,298.0875671
"563",2016-09-25,0,16.7,298.23991
"564",2016-09-26,0,16.85,292.8889152
"565",2016-09-27,0,15.75,286.819351
"566",2016-09-28,0,16.25,284.3148841
"567",2016-09-29,0,16.55,279.3377616
"568",2016-09-30,0,16.2,274.1090697
"569",2016-10-01,0,16.55,269.0900348
"570",2016-10-02,30,14.9,266.936223
"571",2016-10-03,0.2,15.85,266.3381576
"572",2016-10-04,5.2,15.3,268.188346
"573",2016-10-05,2.6,13.65,268.7119371
"574",2016-10-06,4.8,12.55,268.2069447
"575",2016-10-07,21.6,12.15,268.0044138
"576",2016-10-08,4.2,12.8,270.4436784
"577",2016-10-09,2.6,14.6,273.7954125
"578",2016-10-10,1,14.05,275.1130855
"579",2016-10-11,9.3,11.25,291.8201791
"580",2016-10-12,0,10.05,295.7178528
"581",2016-10-13,0,11.45,293.8203305
"582",2016-10-14,0,20.15,293.9163627
"583",2016-10-15,15.5,17.6,294.0005338
"584",2016-10-16,0,16.1,294.3756763
"585",2016-10-17,0,15.7,294.5310809
"586",2016-10-18,3.2,12.15,294.782203
"587",2016-10-19,0.2,12.65,294.8405651
"588",2016-10-20,2.4,13,294.9407111
"589",2016-10-21,3.6,13.35,294.4893531
"590",2016-10-22,0,12.2,294.4864549
"591",2016-10-23,0.4,13.8,294.4642793
"592",2016-10-24,0,17.85,294.5531709
"593",2016-10-25,0,18.7,294.5955628
"594",2016-10-26,3.8,17.25,294.5312681
"595",2016-10-27,22.2,11.45,294.6022972
"596",2016-10-28,0,11.5,294.5021826
"597",2016-10-29,0,12.05,294.6166362
"598",2016-10-30,0,13.8,294.6042657
"599",2016-10-31,0,12.75,294.6192841
"600",2016-11-01,0,11.35,294.7167377
"601",2016-11-02,0,11.55,294.679629
"602",2016-11-03,7.6,12.4,295.7556422
"603",2016-11-04,0,12.75,296.6075439
"604",2016-11-05,0.2,11.6,296.6075439
"605",2016-11-06,57.6,13,296.6075439
"606",2016-11-07,1.2,9.55,296.6075439
"607",2016-11-08,20.6,8.35,NA
"608",2016-11-09,3,7.3,NA
"609",2016-11-10,1.8,7.55,NA
"610",2016-11-11,24.4,7.3,296.6075439
"611",2016-11-12,0.4,5.2,296.6075439
"612",2016-11-13,0,5.95,296.6075439
"613",2016-11-14,0.4,7.25,296.6075439
"614",2016-11-15,0,7.75,296.6075439
"615",2016-11-16,0,6.75,296.6075439
"616",2016-11-17,1,9.45,296.6075439
"617",2016-11-18,0.2,13.45,296.6075439
"618",2016-11-19,18.7,11.3,296.6075439
"619",2016-11-20,0,13.3,296.6075439
"620",2016-11-21,0,12.7,296.6075439
"621",2016-11-22,0,13.2,296.6075439
"622",2016-11-23,0,13.2,296.6075439
"623",2016-11-24,0.2,13,296.6075439
"624",2016-11-25,34.4,10.45,296.6075439
"625",2016-11-26,0.2,9.8,296.6075439
"626",2016-11-27,0,9.55,296.6075439
"627",2016-11-28,0,9,296.6075439
"628",2016-11-29,0,2.1,296.6075439
"629",2016-11-30,0,3.25,296.6075439
"630",2016-12-01,0,5.1,296.6075439
"631",2016-12-02,0,5.5,296.6075439
"632",2016-12-03,0,6.8,296.6075439
"633",2016-12-04,0,9.3,296.6075439
"634",2016-12-05,0,8.6,296.6075439
"635",2016-12-06,0,7.5,296.6075439
"636",2016-12-07,0,8.05,296.6075439
"637",2016-12-08,0,7.15,296.6075439
"638",2016-12-09,0,8.3,296.6075439
"639",2016-12-10,0,8.2,296.6075439
"640",2016-12-11,0,6.35,296.6075439
"641",2016-12-12,0,8.75,296.6075439
"642",2016-12-13,0,6.05,296.6075439
"643",2016-12-14,0,5.8,296.6075439
"644",2016-12-15,0,6.85,296.6075439
"645",2016-12-16,0,5.55,296.6075439
"646",2016-12-17,0,4.35,296.6075439
"647",2016-12-18,0,3.6,296.6075439
"648",2016-12-19,5,3.6,296.6075439
"649",2016-12-20,2,8.2,296.6075439
"650",2016-12-21,0,9.1,296.6075439
"651",2016-12-22,0,6.95,296.6075439
"652",2016-12-23,0,8.65,296.6075439
"653",2016-12-24,0,9.2,296.6075439
"654",2016-12-25,0,6.4,296.6075439
"655",2016-12-26,0,10.25,296.6075439
"656",2016-12-27,0,8.9,296.6075439
"657",2016-12-28,0,7.3,296.6075439
"658",2016-12-29,0,2.15,296.6075439
"659",2016-12-30,0,1.1,296.6075439
"660",2016-12-31,0,2.5,296.6075439
"661",2017-01-01,0,3.35,296.6075439
"662",2017-01-02,0,3.7,296.6075439
"663",2017-01-03,15,4.2,296.6075439
"664",2017-01-04,0,4.35,296.6075439
"665",2017-01-05,6.8,1.9,296.6075439
"666",2017-01-06,0,-4.3,296.6075439
"667",2017-01-07,2.2,-4.9,296.6075439
"668",2017-01-08,2,-3.2,296.6075439
"669",2017-01-09,1.4,-0.4,296.6075439
"670",2017-01-10,0,-2,296.6075439
"671",2017-01-11,0,-2.35,296.6075439
"672",2017-01-12,5.8,1.05,296.6075439
"673",2017-01-13,28.6,3.1,296.6075439
"674",2017-01-14,0.8,0.35,296.6075439
"675",2017-01-15,0,0.5,296.6075439
"676",2017-01-16,0,2.45,296.6075439
"677",2017-01-17,4.4,2.25,296.6075439
"678",2017-01-18,10,2.45,296.6075439
"679",2017-01-19,0,3.7,296.6075439
"680",2017-01-20,0,3.9,296.6075439
"681",2017-01-21,0,5.15,296.6075439
"682",2017-01-22,0,7.15,296.6075439
"683",2017-01-23,2.8,6.65,296.6075439
"684",2017-01-24,0.8,4.8,296.6075439
"685",2017-01-25,0,6.1,296.6075439
"686",2017-01-26,0,3.3,296.6075439
"687",2017-01-27,0,4.25,296.6075439
"688",2017-01-28,0,5.35,296.6075439
"689",2017-01-29,0,4.4,296.6075439
"690",2017-01-30,0,4.55,296.6075439
"691",2017-01-31,0,5.8,296.6075439
"692",2017-02-01,1.4,6.8,296.6075439
"693",2017-02-02,0,7.05,296.6075439
"694",2017-02-03,2,8.4,296.6075439
"695",2017-02-04,5,9.15,296.6075439
"696",2017-02-05,15.8,8.55,296.6075439
"697",2017-02-06,30,5.9,296.6075439
"698",2017-02-07,3.6,6.35,296.6075439
"699",2017-02-08,0.2,6.85,296.6075439
"700",2017-02-09,1.2,5.55,296.6075439
"701",2017-02-10,2.6,8.05,296.6075439
"702",2017-02-11,0,7.85,296.6075439
"703",2017-02-12,0,8.15,296.6075439
"704",2017-02-13,0,8.15,296.6075439
"705",2017-02-14,0,7.1,296.6075439
"706",2017-02-15,0,6.95,296.6075439
"707",2017-02-16,0,8.1,296.6075439
"708",2017-02-17,0,7.1,296.6075439
"709",2017-02-18,6.4,4.95,296.6075439
"710",2017-02-19,0,5.1,296.6075439
"711",2017-02-20,0,5.3,NA
"712",2017-02-21,0,5.5,294.6357144
"713",2017-02-22,0,6.85,293.9973594
"714",2017-02-23,0,8.35,294.4337821
"715",2017-02-24,3.8,8,294.8220141
"716",2017-02-25,2.8,9.05,294.553379
"717",2017-02-26,0,9.55,292.2914823
"718",2017-02-27,0,9.8,291.2113498
"719",2017-02-28,0.6,8.4,291.1961533
"720",2017-03-01,2,8.8,288.6040936
"721",2017-03-02,0,8.85,289.8963593
"722",2017-03-03,0,9.55,288.7451165
"723",2017-03-04,2.2,10,288.6375582
"724",2017-03-05,25.7,5.85,288.6189608
"725",2017-03-06,23.2,8.85,288.0262688
"726",2017-03-07,10.8,5.6,287.5579163
"727",2017-03-08,0,8.4,286.4191484
"728",2017-03-09,0,10.55,286.6520425
"729",2017-03-10,1.4,10.85,287.2223413
"730",2017-03-11,0.2,7.35,286.7405164
"731",2017-03-12,0,6.8,286.399731
"732",2017-03-13,0,8.7,286.5646176
"733",2017-03-14,0,8.65,286.721999
"734",2017-03-15,0,8.25,286.8243296
"735",2017-03-16,0,9.65,286.9755518
"736",2017-03-17,0,11.5,287.7310898
"737",2017-03-18,0,10.1,288.4987318
"738",2017-03-19,0,10.3,288.6876497
"739",2017-03-20,0,12.95,288.0903892
"740",2017-03-21,0,13.05,287.5985477
"741",2017-03-22,0,13.5,287.1178523
"742",2017-03-23,0,13.1,287.096405
"743",2017-03-24,0,14.65,287.2597449
"744",2017-03-25,0,15.5,287.2629576
"745",2017-03-26,2.4,12.05,287.231903
"746",2017-03-27,8.2,7.35,228.3064201
"747",2017-03-28,0,8.55,286.7941969
"748",2017-03-29,0,11.55,286.2979825
"749",2017-03-30,0,14.65,284.8807108
"750",2017-03-31,0,15.2,286.3353148
"751",2017-04-01,0,13.6,286.4176215
"752",2017-04-02,5.2,11.45,286.4550274
"753",2017-04-03,12,9.55,285.9679685
"754",2017-04-04,2.4,11.6,286.0038407
"755",2017-04-05,14.5,11.75,286.3253924
"756",2017-04-06,12.4,10.7,286.4090661
"757",2017-04-07,0,10.55,286.4779599
"758",2017-04-08,0,12.9,NA
"759",2017-04-09,0,14.3,NA
"760",2017-04-10,0,14.85,NA
"761",2017-04-11,5.6,14.25,286.7788145
"762",2017-04-12,0.6,13.95,286.5581728
"763",2017-04-13,0.2,13.75,286.7820897
"764",2017-04-14,0,13.55,286.9291191
"765",2017-04-15,0,13.25,287.0298257
"766",2017-04-16,2,13.95,287.1842157
"767",2017-04-17,1,13.45,286.9272408
"768",2017-04-18,3,9.95,286.5719101
"769",2017-04-19,1.4,4.75,286.3109447
"770",2017-04-20,0,4.55,286.2038549
"771",2017-04-21,0,5.1,286.4562949
"772",2017-04-22,0,7.55,286.5600502
"773",2017-04-23,0,10.7,284.8843918
"774",2017-04-24,0,11.1,285.1916656
"775",2017-04-25,0,12.1,285.1545672
"776",2017-04-26,0,12.55,285.7000854
"777",2017-04-27,10.4,12.75,285.1102184
"778",2017-04-28,33.4,9.45,284.6511823
"779",2017-04-29,2.4,11.6,284.4912565
"780",2017-04-30,0,11.7,284.5599713
"781",2017-05-01,0,11.95,284.6909107
"782",2017-05-02,0,13.6,284.4700232
"783",2017-05-03,3.4,13.25,284.4801366
"784",2017-05-04,0,13.75,284.8436189
"785",2017-05-05,0.4,15.4,284.7121872
"786",2017-05-06,0.8,14.55,283.6812059
"787",2017-05-07,1.6,12.6,284.9365926
"788",2017-05-08,33.5,11.85,284.8356846
"789",2017-05-09,25.7,11.55,284.7405973
"790",2017-05-10,0,13.65,284.1667391
"791",2017-05-11,0.2,16.85,282.0025983
"792",2017-05-12,0.2,19.05,282.0004384
"793",2017-05-13,0,17.35,282.2620847
"794",2017-05-14,0,16.7,283.2068881
"795",2017-05-15,16.4,17.1,283.1913106
"796",2017-05-16,0,16.3,281.3795277
"797",2017-05-17,0,17.6,284.6136579
"798",2017-05-18,0,17.95,286.807341
"799",2017-05-19,0,18.15,282.6753369
"800",2017-05-20,15.3,14.15,283.5875968
"801",2017-05-21,0.2,12.25,285.533332
"802",2017-05-22,0,16.4,286.385509
"803",2017-05-23,32.4,17.4,286.6528776
"804",2017-05-24,0.2,17.5,286.4237583
"805",2017-05-25,4,16.2,286.626628
"806",2017-05-26,0,15.2,285.6512042
"807",2017-05-27,0,16.35,286.6524543
"808",2017-05-28,0,18.35,287.0288509
"809",2017-05-29,0,18.15,286.0659397
"810",2017-05-30,0,19.1,286.8284478
"811",2017-05-31,0,19.75,286.9017084
"812",2017-06-01,0,19.95,286.8994982
"813",2017-06-02,0,19.05,286.8279301
"814",2017-06-03,0,19.6,286.9073408
"815",2017-06-04,0,20.35,286.8792179
"816",2017-06-05,0,20.95,286.2812319
"817",2017-06-06,2,18.3,285.5820478
"818",2017-06-07,0,18.45,286.3643435
"819",2017-06-08,0,19.65,286.8675473
"820",2017-06-09,0,20.15,286.3751004
"821",2017-06-10,0.4,21.2,286.3869403
"822",2017-06-11,0,21.2,286.292739
"823",2017-06-12,0,20.85,285.3902438
"824",2017-06-13,0,22.8,285.6013106
"825",2017-06-14,0,23.05,287.1723989
"826",2017-06-15,0,23.45,287.7770801
"827",2017-06-16,0,23.4,288.3820554
"828",2017-06-17,19.6,22.05,289.0467915
"829",2017-06-18,0,18.95,286.2061508
"830",2017-06-19,0,19.6,289.3061664
"831",2017-06-20,0,21.9,289.9236996
"832",2017-06-21,0,22.4,290.5236353
"833",2017-06-22,15.2,23.3,290.9879992
"834",2017-06-23,0,23.1,291.287717
"835",2017-06-24,0,23.2,291.6549225
"836",2017-06-25,0,23.85,292.2848459
"837",2017-06-26,1.6,23.6,292.9121432
"838",2017-06-27,0,24.4,293.5574946
"839",2017-06-28,0.6,23.1,292.9867285
"840",2017-06-29,0.4,22.2,294.439253
"841",2017-06-30,0,22.1,293.4865359
"842",2017-07-01,0.4,19.6,295.2287558
"843",2017-07-02,11,19.1,294.3056068
"844",2017-07-03,0,19.1,294.4049237
"845",2017-07-04,0,21.85,295.6234193
"846",2017-07-05,0,24.3,295.7802416
"847",2017-07-06,0,25.2,295.7118199
"848",2017-07-07,0,25.9,295.8198748
"849",2017-07-08,0,25.85,294.5402742
"850",2017-07-09,0,26.2,294.6120884
"851",2017-07-10,0,26.05,295.4342903
"852",2017-07-11,0,25.55,293.061802
"853",2017-07-12,0,26,295.5889382
"854",2017-07-13,0,26,295.6714632
"855",2017-07-14,31,23.85,295.5815736
"856",2017-07-15,24.4,21.65,295.654385
"857",2017-07-16,0.2,19.35,294.8660635
"858",2017-07-17,0,20.2,295.3509172
"859",2017-07-18,0,21.55,295.5021917
"860",2017-07-19,0,23.05,295.5510162
"861",2017-07-20,0,23.4,295.4842514
"862",2017-07-21,0,25.3,294.6025575
"863",2017-07-22,0,24.9,282.3087938
"864",2017-07-23,0,24.8,295.507095
"865",2017-07-24,0,23.95,295.5224008
"866",2017-07-25,6.6,20.25,295.4739713
"867",2017-07-26,1.2,19.15,295.4049869
"868",2017-07-27,0,19.95,295.4620642
"869",2017-07-28,0,21.65,295.6943411
"870",2017-07-29,0,23,295.2042661
"871",2017-07-30,0,25.2,295.2317944
"872",2017-07-31,0.2,27.65,295.2068845
"873",2017-08-01,0,29,295.1331078
"874",2017-08-02,0,30.4,293.9302794
"875",2017-08-03,0,31.1,290.9154834
"876",2017-08-04,0,30.9,283.0075508
"877",2017-08-05,0,30.2,279.5458599
"878",2017-08-06,0,28.05,279.8957451
"879",2017-08-07,0,29,279.7595772
"880",2017-08-08,0,28.45,277.8994841
"881",2017-08-09,0,28.95,277.0360834
"882",2017-08-10,0,29.15,274.3462127
"883",2017-08-11,0,21.55,267.7377837
"884",2017-08-12,13.8,18.3,264.2501785
"885",2017-08-13,0,20.5,262.9659385
"886",2017-08-14,0,22.3,258.2781131
"887",2017-08-15,0,24.45,253.5163356
"888",2017-08-16,0,25.5,250.2996651
"889",2017-08-17,0,26.45,243.9294081
"890",2017-08-18,0,26.1,238.4788856
"891",2017-08-19,0,26.2,236.29466
"892",2017-08-20,0,24.05,235.6796515
"893",2017-08-21,0,22.1,232.925275
"894",2017-08-22,0,20.5,229.5237129
"895",2017-08-23,0,21.85,226.5963731
"896",2017-08-24,0,24.05,224.7165013
"897",2017-08-25,0,25.6,221.4396477
"898",2017-08-26,0,26.15,218.5505516
"899",2017-08-27,0,27.75,216.0797671
"900",2017-08-28,0,26.85,214.7309782
"901",2017-08-29,0,25.55,214.7884687
"902",2017-08-30,0,23.6,215.1568446
"903",2017-08-31,0,24.95,215.0094137
"904",2017-09-01,14.3,22.4,213.8891335
"905",2017-09-02,1.6,17.4,213.1538985
"906",2017-09-03,4.4,14.75,212.3904338
"907",2017-09-04,0,17.05,211.4447939
"908",2017-09-05,0,18.9,210.179778
"909",2017-09-06,0,19.7,208.0344701
"910",2017-09-07,0,19.05,205.6504871
"911",2017-09-08,0,18.9,204.5712843
"912",2017-09-09,0,18.9,203.0262324
"913",2017-09-10,140.8,18.4,201.074759
"914",2017-09-11,59,15.1,201.2940017
"915",2017-09-12,0.4,17.4,226.2879877
"916",2017-09-13,0,16.7,226.6333135
"917",2017-09-14,0,16.3,277.0259161
"918",2017-09-15,0,18.85,295.1912375
"919",2017-09-16,18.5,18.6,295.3685273
"920",2017-09-17,6.1,16.15,295.4254199
"921",2017-09-18,0,14.7,295.3121914
"922",2017-09-19,6.8,15.1,295.2307668
"923",2017-09-20,0,12.3,294.7356512
"924",2017-09-21,0,13.3,295.4362748
"925",2017-09-22,0,14.75,295.4287785
"926",2017-09-23,0,15.55,295.4936659
"927",2017-09-24,0,15.1,295.6846599
"928",2017-09-25,10.9,15.55,297.4706399
"929",2017-09-26,0.2,14.7,300.1609827
"930",2017-09-27,0,16.1,293.180223
"931",2017-09-28,0,16.25,283.4949026
"932",2017-09-29,0,15.75,276.621375
"933",2017-09-30,0,14.7,272.0087977
"934",2017-10-01,0.4,15.3,268.876855
"935",2017-10-02,3.8,16.4,267.9028469
"936",2017-10-03,0,15.75,260.1447579
"937",2017-10-04,0,17.65,253.2624411
"938",2017-10-05,0,17.5,247.0525727
"939",2017-10-06,1.6,15.05,241.5658211
"940",2017-10-07,0.2,10.25,238.459451
"941",2017-10-08,0,10.8,238.1181244
"942",2017-10-09,0,13.15,236.1307907
"943",2017-10-10,8.6,15.45,233.2128962
"944",2017-10-11,0,14.8,230.6181642
"945",2017-10-12,0,15.45,222.6385603
"946",2017-10-13,0,15.5,221.109459
"947",2017-10-14,0,16.9,217.321754
"948",2017-10-15,0,18.6,214.98615
"949",2017-10-16,0,18.55,214.1284568
"950",2017-10-17,0,17.95,210.6439685
"951",2017-10-18,0,16.55,207.3730029
"952",2017-10-19,0,15.25,206.952423
"953",2017-10-20,0,15.6,206.6616075
"954",2017-10-21,0,15,206.0835421
"955",2017-10-22,8.6,13.05,205.046426
"956",2017-10-23,0,9.5,203.7935019
"957",2017-10-24,0.4,10.5,205.4080954
"958",2017-10-25,0,12.95,204.3229594
"959",2017-10-26,0,13.85,202.3476804
"960",2017-10-27,0,13.15,205.2315404
"961",2017-10-28,0,11.8,205.4200869
"962",2017-10-29,0,10.4,203.7224704
"963",2017-10-30,0,12.1,202.4208462
"964",2017-10-31,0,11.75,201.1240064
"965",2017-11-01,0,10.3,197.7404036
"966",2017-11-02,0,11,194.0916033
"967",2017-11-03,4.8,8.95,191.8933704
"968",2017-11-04,0,12.45,190.6589389
"969",2017-11-05,26.4,12.15,189.0161411
"970",2017-11-06,32.5,8.9,187.7531821
"971",2017-11-07,11.8,7.3,216.111071
"972",2017-11-08,0.2,7.95,223.9227733
"973",2017-11-09,0.2,9.95,221.54346
"974",2017-11-10,0.2,11.5,217.5781139
"975",2017-11-11,0,10.75,217.719509
"976",2017-11-12,1.6,10.45,221.7249337
"977",2017-11-13,22.3,6.1,225.4145992
"978",2017-11-14,10.2,5.55,259.3897386
"979",2017-11-15,9.6,7.75,295.1046023
"980",2017-11-16,0.4,9.05,294.4036907
"981",2017-11-17,0,10.6,295.9801211
"982",2017-11-18,0,8.5,295.7582796
"983",2017-11-19,0,7.35,295.5100706
"984",2017-11-20,0,6.7,295.4729666
"985",2017-11-21,0,8.05,295.5459414
"986",2017-11-22,0,9.8,295.7672228
"987",2017-11-23,0,9.65,295.7806701
"988",2017-11-24,0,8.3,295.7173852
"989",2017-11-25,1.6,10.05,295.5485176
"990",2017-11-26,8,7.15,294.1446548
"991",2017-11-27,0,3.45,295.1757923
"992",2017-11-28,0,2.6,295.3606553
"993",2017-11-29,70.7,6.45,295.3044281
"994",2017-11-30,10,6.85,294.94456
"995",2017-12-01,0.2,4.2,292.2808907
"996",2017-12-02,0,3.6,289.3765766
"997",2017-12-03,3.4,4.25,290.2921898
"998",2017-12-04,0.2,3.55,290.513619
"999",2017-12-05,0,4.5,290.4948093
"1000",2017-12-06,0,6.1,290.2257957
"1001",2017-12-07,0,4.5,289.1983236
"1002",2017-12-08,4.4,5.5,289.7843458
"1003",2017-12-09,10.2,2.2,289.5708477
"1004",2017-12-10,1.6,0.55,288.9780702
"1005",2017-12-11,38.8,7.05,289.0147123
"1006",2017-12-12,14,9.15,281.715168
"1007",2017-12-13,20.4,6.15,285.1038584
"1008",2017-12-14,18.2,5.1,285.3618903
"1009",2017-12-15,63.7,7.9,285.4003997
"1010",2017-12-16,3.6,4.9,283.3420542
"1011",2017-12-17,2.6,4.05,286.5973183
"1012",2017-12-18,0,1.75,287.4071353
"1013",2017-12-19,0,0.7,287.2590029
"1014",2017-12-20,0,0.7,287.3006026
"1015",2017-12-21,0,1.1,286.8537558
"1016",2017-12-22,0,4.35,286.4238177
"1017",2017-12-23,0,7.65,286.3746886
"1018",2017-12-24,0,8.2,286.3188714
"1019",2017-12-25,0,6.95,286.2877642
"1020",2017-12-26,2,5.25,286.1409696
"1021",2017-12-27,94.9,5.7,286.0215439
"1022",2017-12-28,12.6,2.6,285.2833504
"1023",2017-12-29,10,2.5,285.8690179
"1024",2017-12-30,2,3.4,286.2840679
"1025",2017-12-31,0,6.25,285.6586306
"1026",2018-01-01,5.2,6.2,285.520742
"1027",2018-01-02,5,5.25,285.433921
"1028",2018-01-03,1.2,5.3,285.4662226
"1029",2018-01-04,0.2,8.75,285.3569507
"1030",2018-01-05,0,8.3,285.1199166
"1031",2018-01-06,0,9.8,273.0413193
"1032",2018-01-07,0,11.95,283.4794891
"1033",2018-01-08,0,13.45,283.8310706
"1034",2018-01-09,8.3,10.9,283.9967967
"1035",2018-01-10,9.6,7.3,284.2730616
"1036",2018-01-11,14.6,5.1,284.4637546
"1037",2018-01-12,0.4,6.85,284.8036611
"1038",2018-01-13,0,5.25,284.9816316
"1039",2018-01-14,0,4.8,285.1529731
"1040",2018-01-15,4.6,6.6,285.409068
"1041",2018-01-16,17.8,5.6,283.9526944
"1042",2018-01-17,5.8,4.6,283.0114659
"1043",2018-01-18,0.4,3.2,282.3880703
"1044",2018-01-19,7.8,6.05,282.9912076
"1045",2018-01-20,0.2,7.7,282.0988631
"1046",2018-01-21,1.6,7.5,282.1848494
"1047",2018-01-22,0.2,5.45,281.8416884
"1048",2018-01-23,0,7.25,282.0142623
"1049",2018-01-24,0,6.2,282.0716175
"1050",2018-01-25,0,6.35,281.6197422
"1051",2018-01-26,0,6.35,281.4174235
"1052",2018-01-27,0,7.6,281.1780577
"1053",2018-01-28,0,7.55,281.1924477
"1054",2018-01-29,0,8.35,281.2367184
"1055",2018-01-30,0,6.75,281.5212508
"1056",2018-01-31,0,5.85,281.6421359
"1057",2018-02-01,22.4,5.9,282.0379488
"1058",2018-02-02,35.5,8.1,282.4608154
"1059",2018-02-03,36.6,4.7,282.4608154
"1060",2018-02-04,5,3.35,NA
"1061",2018-02-05,0,5.55,NA
"1062",2018-02-06,32.6,5.25,NA
"1063",2018-02-07,30.9,4.15,NA
"1064",2018-02-08,0.2,3.95,NA
"1065",2018-02-09,0,4.95,NA
"1066",2018-02-10,0,4.75,NA
"1067",2018-02-11,0,3.95,NA
"1068",2018-02-12,3.8,2.35,NA
"1069",2018-02-13,1,3.75,NA
"1070",2018-02-14,0.2,-0.3,NA
"1071",2018-02-15,0,2.15,NA
"1072",2018-02-16,0,5.25,NA
"1073",2018-02-17,0,6.35,NA
"1074",2018-02-18,13.6,5.55,NA
"1075",2018-02-19,6,6.05,NA
"1076",2018-02-20,3,4.5,286.5629405
"1077",2018-02-21,0,4,287.4811412
"1078",2018-02-22,14.2,3.25,288.00177
"1079",2018-02-23,7.8,6.85,NA
"1080",2018-02-24,32.4,5.9,NA
"1081",2018-02-25,0,4.5,NA
"1082",2018-02-26,0.4,-2.55,NA
"1083",2018-02-27,10.6,-3.3,NA
"1084",2018-02-28,11,-2.35,NA
"1085",2018-03-01,4,3.4,NA
"1086",2018-03-02,7,7.85,NA
"1087",2018-03-03,24.3,5.3,NA
"1088",2018-03-04,7,7.7,NA
"1089",2018-03-05,21.4,7.25,NA
"1090",2018-03-06,52.2,5.05,NA
"1091",2018-03-07,27.6,5.7,NA
"1092",2018-03-08,0,7,NA
"1093",2018-03-09,0,8.55,NA
"1094",2018-03-10,0,8.15,NA
"1095",2018-03-11,11.2,11.85,NA
"1096",2018-03-12,12,7.9,NA
"1097",2018-03-13,7.5,8.1,NA
"1098",2018-03-14,0,7.95,NA
"1099",2018-03-15,5.6,7.15,NA
"1100",2018-03-16,14.8,9.8,NA
"1101",2018-03-17,21,8.5,NA
"1102",2018-03-18,22,5.8,NA
"1103",2018-03-19,13,3.95,NA
"1104",2018-03-20,16.6,5.65,NA
"1105",2018-03-21,17.4,6.1,NA
"1106",2018-03-22,0,3.45,NA
"1107",2018-03-23,0,1.9,NA
"1108",2018-03-24,0,3.95,227.4667518
"1109",2018-03-25,0,5.95,227.221854
"1110",2018-03-26,2.6,6.3,227.0872604
"1111",2018-03-27,0.4,7,226.9583731
"1112",2018-03-28,0,8.35,226.9437994
"1113",2018-03-29,0,11.1,226.9517404
"1114",2018-03-30,0,11.65,226.9449711
"1115",2018-03-31,16.8,6.95,226.9411158
"1116",2018-04-01,2.2,6.75,226.9487474
"1117",2018-04-02,0.2,8.75,226.991171
"1118",2018-04-03,0,11.3,226.9570889
"1119",2018-04-04,0,12.65,226.9875143
"1120",2018-04-05,1.6,11.5,226.9754304
"1121",2018-04-06,0.2,12.65,227.0368141
"1122",2018-04-07,0,12.7,NA
"1123",2018-04-08,0,15.85,NA
"1124",2018-04-09,13,11.55,NA
"1125",2018-04-10,0,11.55,NA
"1126",2018-04-11,1.6,12.65,NA
"1127",2018-04-12,10.4,10.75,278.1584494
"1128",2018-04-13,0,11.6,277.4006471
"1129",2018-04-14,0,15.5,278.2935713
"1130",2018-04-15,0,17.15,278.4586079
"1131",2018-04-16,11.6,15.15,277.7842087
"1132",2018-04-17,3,13.2,277.2966536
"1133",2018-04-18,4.4,14.2,NA
"1134",2018-04-19,0,16.8,NA
"1135",2018-04-20,0,17.45,NA
"1136",2018-04-21,0,17.3,NA
"1137",2018-04-22,0,16.7,NA
"1138",2018-04-23,0.2,17.1,NA
"1139",2018-04-24,0,16.4,NA
"1140",2018-04-25,0,17.55,NA
"1141",2018-04-26,0,16.95,NA
"1142",2018-04-27,0,18.65,NA
"1143",2018-04-28,0,20.15,NA
"1144",2018-04-29,3.4,20.4,NA
"1145",2018-04-30,0.2,15.95,NA
"1146",2018-05-01,0.2,12.45,NA
"1147",2018-05-02,0,19.05,NA
"1148",2018-05-03,19.6,14.25,NA
"1149",2018-05-04,6.8,12.55,NA
"1150",2018-05-05,12,12.3,NA
"1151",2018-05-06,3.4,13.25,NA
"1152",2018-05-07,14.7,15.25,NA
"1153",2018-05-08,21,14.3,NA
"1154",2018-05-09,4,13.8,NA
"1155",2018-05-10,7.1,14.55,NA
"1156",2018-05-11,2.8,15.8,NA
"1157",2018-05-12,17.6,14.75,NA
"1158",2018-05-13,0,15.15,NA
"1159",2018-05-14,3.6,11.55,NA
"1160",2018-05-15,1.2,9.1,NA
"1161",2018-05-16,0,9.8,NA
"1162",2018-05-17,0,13.5,NA
"1163",2018-05-18,0,15.9,NA
"1164",2018-05-19,0,16.55,NA
"1165",2018-05-20,0,18.55,NA
"1166",2018-05-21,0.6,17.35,NA
"1167",2018-05-22,2.8,16.95,NA
"1168",2018-05-23,26.7,14.4,NA
"1169",2018-05-24,3.2,17.7,NA
"1170",2018-05-25,37.6,18,NA
"1171",2018-05-26,12.1,20.15,NA
"1172",2018-05-27,2,21.45,NA
"1173",2018-05-28,0,20.65,NA
"1174",2018-05-29,0,21.9,NA
"1175",2018-05-30,0,22.7,NA
"1176",2018-05-31,0,21.4,NA
"1177",2018-06-01,0,20.8,NA
"1178",2018-06-02,0,20.2,NA
"1179",2018-06-03,0,21.1,NA
"1180",2018-06-04,0,21.65,NA
"1181",2018-06-05,0,18.75,NA
"1182",2018-06-06,0,18.75,NA
"1183",2018-06-07,0,21.7,NA
"1184",2018-06-08,27.1,19.9,NA
"1185",2018-06-09,0.4,17.8,NA
"1186",2018-06-10,0,20.8,NA
"1187",2018-06-11,0,22.35,NA
"1188",2018-06-12,0,21.6,NA
"1189",2018-06-13,3.2,18.1,NA
"1190",2018-06-14,0.6,17.15,NA
"1191",2018-06-15,8.3,18.15,NA
"1192",2018-06-16,0,18.25,NA
"1193",2018-06-17,13.4,19.95,NA
"1194",2018-06-18,0.2,19.25,NA
"1195",2018-06-19,0,21.1,NA
"1196",2018-06-20,4.2,20.2,NA
"1197",2018-06-21,7.2,20.45,NA
"1198",2018-06-22,0.2,19.5,NA
"1199",2018-06-23,0.2,16.35,NA
"1200",2018-06-24,0,17.05,NA
"1201",2018-06-25,1,17.05,NA
"1202",2018-06-26,0,16.55,NA
"1203",2018-06-27,0,17.15,NA
"1204",2018-06-28,0,17.85,NA
"1205",2018-06-29,0.2,18.15,NA
"1206",2018-06-30,1.2,21.55,NA
"1207",2018-07-01,0,23.45,NA
"1208",2018-07-02,0,23.45,NA
"1209",2018-07-03,0,22,NA
"1210",2018-07-04,0,22.75,NA
"1211",2018-07-05,0,24.2,NA
"1212",2018-07-06,0.6,22.15,NA
"1213",2018-07-07,10.9,21.9,NA
"1214",2018-07-08,0.2,20.7,NA
"1215",2018-07-09,0,21.45,NA
"1216",2018-07-10,0,21.2,NA
"1217",2018-07-11,0,21.35,NA
"1218",2018-07-12,0,22.5,NA
"1219",2018-07-13,0,23.45,NA
"1220",2018-07-14,0,24.5,NA
"1221",2018-07-15,0,25.2,NA
"1222",2018-07-16,2,23.7,NA
"1223",2018-07-17,15,20.6,NA
"1224",2018-07-18,0,22.4,NA
"1225",2018-07-19,0,23.8,NA
"1226",2018-07-20,0,24.05,NA
"1227",2018-07-21,0,24.05,NA
"1228",2018-07-22,0,23.4,NA
"1229",2018-07-23,11.9,18.9,NA
"1230",2018-07-24,11.8,22.1,NA
"1231",2018-07-25,0.2,22.2,NA
"1232",2018-07-26,12.5,23.25,NA
"1233",2018-07-27,0.6,21.65,278.4293085
"1234",2018-07-28,0,22.75,279.6416667
"1235",2018-07-29,0,23.95,280.2187422
"1236",2018-07-30,0,25.8,NA
"1237",2018-07-31,0,26,NA
"1238",2018-08-01,0,25.9,NA
"1239",2018-08-02,4.7,24.6,NA
"1240",2018-08-03,3.2,22.05,NA
"1241",2018-08-04,2.8,22.75,NA
"1242",2018-08-05,0,23.35,NA
"1243",2018-08-06,0,24.55,NA
"1244",2018-08-07,5.4,24.6,NA
"1245",2018-08-08,2.3,23.85,NA
"1246",2018-08-09,0,23.55,NA
"1247",2018-08-10,0,25,NA
"1248",2018-08-11,0,25.3,NA
"1249",2018-08-12,0,24.6,NA
"1250",2018-08-13,0,23.7,NA
"1251",2018-08-14,3.8,22,NA
"1252",2018-08-15,7.8,18.75,NA
"1253",2018-08-16,0,21.25,NA
"1254",2018-08-17,1,21.8,NA
"1255",2018-08-18,3.2,21.35,NA
"1256",2018-08-19,5.6,22.05,NA
"1257",2018-08-20,1.4,22.1,NA
"1258",2018-08-21,0.4,23.6,NA
"1259",2018-08-22,0.4,22.3,NA
"1260",2018-08-23,11.2,22.25,288.6436626
"1261",2018-08-24,0,21.8,289.1707452
"1262",2018-08-25,0,22,289.3854819
"1263",2018-08-26,2.5,18.4,289.4997664
"1264",2018-08-27,0,18,290.2286474
"1265",2018-08-28,0,20.3,290.5462882
"1266",2018-08-29,0,22.15,291.1634912
"1267",2018-08-30,4.8,21.4,291.7572217
"1268",2018-08-31,0.2,21,292.1744983
"1269",2018-09-01,3.6,19.35,290.6908883
"1270",2018-09-02,2.4,19.65,290.9878738
"1271",2018-09-03,0,18.35,292.7731228
"1272",2018-09-04,0,18.65,293.215641
"1273",2018-09-05,0,19.9,290.7679676
"1274",2018-09-06,0,21.2,290.9155214
"1275",2018-09-07,5.8,20.45,293.5315011
"1276",2018-09-08,0,19.2,294.206511
"1277",2018-09-09,13.6,21.05,295.1757454
"1278",2018-09-10,23,20.9,296.3452164
"1279",2018-09-11,0,21.25,290.1845749
"1280",2018-09-12,0,22.5,290.5679645
"1281",2018-09-13,0,20.8,290.7044684
"1282",2018-09-14,26,20.75,290.725616
"1283",2018-09-15,0,21.6,290.8997342
"1284",2018-09-16,0,21.45,290.841512
"1285",2018-09-17,0,21.4,290.6817483
"1286",2018-09-18,1.8,21.3,290.5659398
"1287",2018-09-19,1.2,19.6,289.678396
"1288",2018-09-20,3.8,20.3,290.4383928
"1289",2018-09-21,0,20.65,291.1542531
"1290",2018-09-22,0,21.35,291.798964
"1291",2018-09-23,0,21.2,291.7829323
"1292",2018-09-24,0,20.3,290.802458
"1293",2018-09-25,0.2,15.25,290.8182888
"1294",2018-09-26,0,11.9,291.958799
"1295",2018-09-27,0,14.95,292.0140622
"1296",2018-09-28,0,16.6,292.0569577
"1297",2018-09-29,0,18.1,292.0592481
"1298",2018-09-30,0,15.9,292.2014988
"1299",2018-10-01,15.5,15,292.1374438
"1300",2018-10-02,0,14.8,289.3997014
"1301",2018-10-03,0,16.65,292.0609505
"1302",2018-10-04,0,19.45,292.1424026
"1303",2018-10-05,0,18.3,291.6645628
"1304",2018-10-06,31.1,14.7,290.1787921
"1305",2018-10-07,0.6,15.4,288.3864409
"1306",2018-10-08,0.2,16.6,289.9196703
"1307",2018-10-09,0.6,17.3,288.8812605
"1308",2018-10-10,1.4,17.05,288.4138675
"1309",2018-10-11,0.2,16.85,289.8398773
"1310",2018-10-12,0,16.85,289.8329448
"1311",2018-10-13,0,16.3,289.7034704
"1312",2018-10-14,0,16.55,288.7459505
"1313",2018-10-15,1.2,15.8,289.7706394
"1314",2018-10-16,0,17.8,290.1523753
"1315",2018-10-17,0,18.3,290.2444774
"1316",2018-10-18,0,18.2,290.0982951
"1317",2018-10-19,0,16.75,289.9936499
"1318",2018-10-20,0,17.6,290.0938717
"1319",2018-10-21,27,13.65,289.0315952
"1320",2018-10-22,15.4,9.7,288.9345757
"1321",2018-10-23,0,13.15,288.1070375
"1322",2018-10-24,0,13.55,288.8226
"1323",2018-10-25,0,15.3,288.7266617
"1324",2018-10-26,0,15.15,288.6026569
"1325",2018-10-27,69.6,13.2,288.2212835
"1326",2018-10-28,120.6,14.2,286.2523344
"1327",2018-10-29,98.5,13.75,284.2723607
"1328",2018-10-30,2,10.1,NA
"1329",2018-10-31,0,11.7,NA
"1330",2018-11-01,32.7,13.75,285.1650369
"1331",2018-11-02,38.2,12.6,284.8860213
"1332",2018-11-03,0.4,16.75,280.6134124
"1333",2018-11-04,14.1,13.7,280.1491262
"1334",2018-11-05,8.4,11.4,277.7575537
"1335",2018-11-06,0.2,13.2,279.6956119
"1336",2018-11-07,8.6,10.7,278.3616957
"1337",2018-11-08,0.2,10.75,277.7039683
"1338",2018-11-09,0,11.5,277.7286581
"1339",2018-11-10,0,11.65,279.4017358
"1340",2018-11-11,0,12.2,281.2684011
"1341",2018-11-12,0,13.05,285.3936828
"1342",2018-11-13,0,12.5,286.0353628
"1343",2018-11-14,0,13.05,287.2270905
"1344",2018-11-15,0,11.55,212.3341951
"1345",2018-11-16,0,10.45,222.3361198
"1346",2018-11-17,0,7.9,256.3078433
"1347",2018-11-18,0,7.55,280.8496179
"1348",2018-11-19,47.4,6,281.020619
"1349",2018-11-20,71.6,11.5,279.9291829
"1350",2018-11-21,0.2,10.05,274.4365436
"1351",2018-11-22,1,10.1,274.3934899
"1352",2018-11-23,0,9.85,274.4882009
"1353",2018-11-24,26.9,10.35,274.2702618
"1354",2018-11-25,46.3,10.15,274.315291
"1355",2018-11-26,7.4,6.85,275.5901356
"1356",2018-11-27,8.4,7.2,274.9544491
"1357",2018-11-28,0,6.3,275.6707627
"1358",2018-11-29,0,6.55,275.6143381
"1359",2018-11-30,0,6.15,275.5680507
"1360",2018-12-01,0,8.9,275.014901
"1361",2018-12-02,0,8.2,274.8623692
"1362",2018-12-03,3.2,8,274.8608014
"1363",2018-12-04,0.4,11.1,274.696989
"1364",2018-12-05,0,9.55,274.7892025
"1365",2018-12-06,0,8,274.9078507
"1366",2018-12-07,0,8,274.9212928
"1367",2018-12-08,8.6,6.95,274.7607475
"1368",2018-12-09,0.6,6.55,NA
"1369",2018-12-10,0.2,7.15,NA
"1370",2018-12-11,0.8,4.45,NA
"1371",2018-12-12,0,3.2,NA
"1372",2018-12-13,8.6,3.8,NA
"1373",2018-12-14,68.2,6.25,NA
"1374",2018-12-15,23.2,3.1,NA
"1375",2018-12-16,3,2.4,NA
"1376",2018-12-17,17.8,5.2,NA
"1377",2018-12-18,0,4.7,NA
"1378",2018-12-19,0,3.8,NA
"1379",2018-12-20,2.2,5.2,NA
"1380",2018-12-21,0,6.3,NA
"1381",2018-12-22,0,7.6,NA
"1382",2018-12-23,0,8.55,NA
"1383",2018-12-24,0,9.25,NA
"1384",2018-12-25,0,5.5,NA
"1385",2018-12-26,0,4.55,NA
"1386",2018-12-27,0,6.6,NA
"1387",2018-12-28,0,5.65,NA
"1388",2018-12-29,0,7,NA
"1389",2018-12-30,0,6.25,NA
"1390",2018-12-31,0,5.1,NA
"1391",2019-01-01,NA,NA,NA
"1392",2019-01-02,NA,NA,NA
"1393",2019-01-03,NA,NA,NA
"1394",2019-01-04,NA,NA,277.0257486
"1395",2019-01-05,NA,NA,276.9671448
"1396",2019-01-06,NA,NA,277.0711894
"1397",2019-01-07,NA,NA,277.1108975
"1398",2019-01-08,NA,NA,277.150269
"1399",2019-01-09,NA,NA,276.6547051
"1400",2019-01-10,NA,NA,276.2917589
"1401",2019-01-11,NA,NA,275.9969013
"1402",2019-01-12,NA,NA,276.3491097
"1403",2019-01-13,NA,NA,276.417584
"1404",2019-01-14,NA,NA,276.5229436
"1405",2019-01-15,NA,NA,276.5495815
"1406",2019-01-16,NA,NA,276.6309016
"1407",2019-01-17,NA,NA,276.6532582
"1408",2019-01-18,NA,NA,276.7469201
"1409",2019-01-19,NA,NA,276.6610067
"1410",2019-01-20,NA,NA,276.7714305
"1411",2019-01-21,NA,NA,276.8300248
"1412",2019-01-22,NA,NA,276.959012
"1413",2019-01-23,NA,NA,276.9934996
"1414",2019-01-24,NA,NA,277.1301346
"1415",2019-01-25,NA,NA,277.1260633
"1416",2019-01-26,NA,NA,277.2322897
"1417",2019-01-27,NA,NA,277.399063
"1418",2019-01-28,NA,NA,277.2556823
"1419",2019-01-29,NA,NA,277.2380694
"1420",2019-01-30,NA,NA,277.2481661
"1421",2019-01-31,NA,NA,277.505045
"1422",2019-02-01,NA,NA,277.8600434
"1423",2019-02-02,NA,NA,277.8405954
"1424",2019-02-03,NA,NA,277.9755014
"1425",2019-02-04,NA,NA,NA
"1426",2019-02-05,NA,NA,NA
"1427",2019-02-06,NA,NA,NA
"1428",2019-02-07,NA,NA,234.5362251
"1429",2019-02-08,NA,NA,233.4532453
"1430",2019-02-09,NA,NA,232.5189952
"1431",2019-02-10,NA,NA,231.9818386
"1432",2019-02-11,NA,NA,231.6339997
"1433",2019-02-12,NA,NA,231.0685938
"1434",2019-02-13,NA,NA,230.5653634
"1435",2019-02-14,NA,NA,230.2614149
"1436",2019-02-15,NA,NA,230.0412253
"1437",2019-02-16,NA,NA,229.6978455
"1438",2019-02-17,NA,NA,229.4304799
"1439",2019-02-18,NA,NA,229.1689716
"1440",2019-02-19,NA,NA,228.9840465
"1441",2019-02-20,NA,NA,228.7469506
"1442",2019-02-21,NA,NA,228.4264808
"1443",2019-02-22,NA,NA,228.2019739
"1444",2019-02-23,NA,NA,228.0308271
"1445",2019-02-24,NA,NA,227.8656061
"1446",2019-02-25,NA,NA,227.6488423
"1447",2019-02-26,NA,NA,227.3055972
"1448",2019-02-27,NA,NA,227.1206996
"1449",2019-02-28,NA,NA,226.9553343
"1450",2019-03-01,NA,NA,226.7897831
"1451",2019-03-02,NA,NA,226.7431876
"1452",2019-03-03,NA,NA,226.6133087
"1453",2019-03-04,NA,NA,226.3453994
"1454",2019-03-05,NA,NA,226.1022417
"1455",2019-03-06,NA,NA,225.8225481
"1456",2019-03-07,NA,NA,225.2750579
"1457",2019-03-08,NA,NA,225.0110249
"1458",2019-03-09,NA,NA,224.6774648
"1459",2019-03-10,NA,NA,224.3356999
"1460",2019-03-11,NA,NA,224.0783777
"1461",2019-03-12,NA,NA,223.906568
"1462",2019-03-13,NA,NA,NA
"1463",2019-03-14,NA,NA,NA
"1464",2019-03-15,NA,NA,NA
"1465",2019-03-16,NA,NA,NA
"1466",2019-03-17,NA,NA,NA
"1467",2019-03-18,NA,NA,NA
"1468",2019-03-19,NA,NA,221.4562818
"1469",2019-03-20,NA,NA,220.9181746
"1470",2019-03-21,NA,NA,220.6916063
"1471",2019-03-22,NA,NA,220.3352369
"1472",2019-03-23,NA,NA,219.9685773
"1473",2019-03-24,NA,NA,219.6996659
"1474",2019-03-25,NA,NA,219.4123368
"1475",2019-03-26,NA,NA,219.2044832
"1476",2019-03-27,NA,NA,218.9460929
"1477",2019-03-28,NA,NA,218.5115132
"1478",2019-03-29,NA,NA,218.0700818
"1479",2019-03-30,NA,NA,217.6145844
"1480",2019-03-31,NA,NA,217.2587722
"1481",2019-04-01,NA,NA,216.9973704
"1482",2019-04-02,NA,NA,216.7665241
"1483",2019-04-03,NA,NA,216.3106844
"1484",2019-04-04,NA,NA,216.0504404
"1485",2019-04-05,NA,NA,215.9128574
"1486",2019-04-06,NA,NA,215.7514186
"1487",2019-04-07,NA,NA,215.3474944
"1488",2019-04-08,NA,NA,214.9571976
"1489",2019-04-09,NA,NA,214.5572219
"1490",2019-04-10,NA,NA,214.1653425
"1491",2019-04-11,NA,NA,213.7173812
"1492",2019-04-12,NA,NA,213.3340755
"1493",2019-04-13,NA,NA,212.9911328
"1494",2019-04-14,NA,NA,212.5707081
"1495",2019-04-15,NA,NA,212.1552285
"1496",2019-04-16,NA,NA,211.6591487
"1497",2019-04-17,NA,NA,211.175544
"1498",2019-04-18,NA,NA,210.8453488
"1499",2019-04-19,NA,NA,210.3776639
"1500",2019-04-20,NA,NA,209.772231
"1501",2019-04-21,NA,NA,209.5334872
"1502",2019-04-22,NA,NA,209.2764379
"1503",2019-04-23,NA,NA,209.058525
"1504",2019-04-24,NA,NA,208.7687181
"1505",2019-04-25,NA,NA,208.4209418
"1506",2019-04-26,NA,NA,207.9982127
"1507",2019-04-27,NA,NA,207.5246499
"1508",2019-04-28,NA,NA,207.0369841
"1509",2019-04-29,NA,NA,206.7815636
"1510",2019-04-30,NA,NA,206.5025473
"1511",2019-05-01,NA,NA,206.1291278
"1512",2019-05-02,NA,NA,205.782427
"1513",2019-05-03,NA,NA,205.2735106
"1514",2019-05-04,NA,NA,204.9866679
"1515",2019-05-05,NA,NA,205.3441941
"1516",2019-05-06,NA,NA,204.9868617
"1517",2019-05-07,NA,NA,204.4519461
"1518",2019-05-08,NA,NA,203.7647241
"1519",2019-05-09,NA,NA,203.3766699
"1520",2019-05-10,NA,NA,203.1269864
"1521",2019-05-11,NA,NA,202.8198161
"1522",2019-05-12,NA,NA,202.3992343
"1523",2019-05-13,NA,NA,202.1708545
"1524",2019-05-14,NA,NA,201.7517299
"1525",2019-05-15,NA,NA,200.3582158
"1526",2019-05-16,NA,NA,199.478009
"1527",2019-05-17,NA,NA,199.0373837
"1528",2019-05-18,NA,NA,199.2535788
"1529",2019-05-19,NA,NA,199.6632037
"1530",2019-05-20,NA,NA,199.384784
"1531",2019-05-21,NA,NA,215.9306724
"1532",2019-05-22,NA,NA,228.5286558
"1533",2019-05-23,NA,NA,227.9150445
"1534",2019-05-24,NA,NA,227.631072
"1535",2019-05-25,NA,NA,227.3644439
"1536",2019-05-26,NA,NA,226.9763354
"1537",2019-05-27,NA,NA,226.6307105
"1538",2019-05-28,NA,NA,226.4295584
"1539",2019-05-29,NA,NA,226.6768287
"1540",2019-05-30,NA,NA,226.4598283
"1541",2019-05-31,NA,NA,226.134324
"1542",2019-06-01,NA,NA,225.7901064
"1543",2019-06-02,NA,NA,225.4525837
"1544",2019-06-03,NA,NA,225.1146809
"1545",2019-06-04,NA,NA,224.7712304
"1546",2019-06-05,NA,NA,NA
"1547",2019-06-06,NA,NA,224.2501909
"1548",2019-06-07,NA,NA,224.0401655
"1549",2019-06-08,NA,NA,223.8422866
"1550",2019-06-09,NA,NA,223.6592545
"1551",2019-06-10,NA,NA,223.4778108
"1552",2019-06-11,NA,NA,223.3084537
"1553",2019-06-12,NA,NA,223.193085
"1554",2019-06-13,NA,NA,222.9976367
"1555",2019-06-14,NA,NA,222.8088497
"1556",2019-06-15,NA,NA,222.6448101
"1557",2019-06-16,NA,NA,222.5132278
"1558",2019-06-17,NA,NA,222.2805604
"1559",2019-06-18,NA,NA,222.034409
"1560",2019-06-19,NA,NA,216.9883076
"1561",2019-06-20,NA,NA,220.2312105
"1562",2019-06-21,NA,NA,NA
"1563",2019-06-22,NA,NA,219.6272763
"1564",2019-06-23,NA,NA,219.2694846
"1565",2019-06-24,NA,NA,218.8939149
"1566",2019-06-25,NA,NA,218.3753648
"1567",2019-06-26,NA,NA,217.8980813
"1568",2019-06-27,NA,NA,217.4425376
"1569",2019-06-28,NA,NA,217.0410417
"1570",2019-06-29,NA,NA,216.7306157
"1571",2019-06-30,NA,NA,216.2317958
"1572",2019-07-01,NA,NA,215.7486065
"1573",2019-07-02,NA,NA,259.3795444
"1574",2019-07-03,NA,NA,283.1456122
"1575",2019-07-04,NA,NA,281.6365519
"1576",2019-07-05,NA,NA,280.871925
"1577",2019-07-06,NA,NA,281.4149565
"1578",2019-07-07,NA,NA,282.2179512
"1579",2019-07-08,NA,NA,282.5122829
"1580",2019-07-09,NA,NA,282.7831838
"1581",2019-07-10,NA,NA,282.6695774
"1582",2019-07-11,NA,NA,282.5877552
"1583",2019-07-12,NA,NA,282.3581627
"1584",2019-07-13,NA,NA,282.2488333
"1585",2019-07-14,NA,NA,262.7276489
"1586",2019-07-15,NA,NA,282.832275
"1587",2019-07-16,NA,NA,282.2205057
"1588",2019-07-17,NA,NA,282.5926095
"1589",2019-07-18,NA,NA,283.1568614
"1590",2019-07-19,NA,NA,283.4604924
"1591",2019-07-20,NA,NA,284.166937
"1592",2019-07-21,NA,NA,285.0955835
"1593",2019-07-22,NA,NA,286.1175439
"1594",2019-07-23,NA,NA,286.4065517
"1595",2019-07-24,NA,NA,287.0088265
"1596",2019-07-25,NA,NA,287.1563964
"1597",2019-07-26,NA,NA,288.9754685
"1598",2019-07-27,NA,NA,289.3577806
"1599",2019-07-28,NA,NA,NA
"1600",2019-07-29,NA,NA,285.6248971
"1601",2019-07-30,NA,NA,286.2349406
"1602",2019-07-31,NA,NA,286.6263647
"1603",2019-08-01,NA,NA,286.926332
"1604",2019-08-02,NA,NA,287.0408943
"1605",2019-08-03,NA,NA,286.666641
"1606",2019-08-04,NA,NA,286.7396306
"1607",2019-08-05,NA,NA,286.8550877
"1608",2019-08-06,NA,NA,288.9780817
"1609",2019-08-07,NA,NA,293.3273171
"1610",2019-08-08,NA,NA,293.589359
"1611",2019-08-09,NA,NA,294.3825712
"1612",2019-08-10,NA,NA,294.5455988
"1613",2019-08-11,NA,NA,294.7491531
"1614",2019-08-12,NA,NA,294.9077617
"1615",2019-08-13,NA,NA,291.7044256
"1616",2019-08-14,NA,NA,290.540717
"1617",2019-08-15,NA,NA,290.5306214
"1618",2019-08-16,NA,NA,290.7301096
"1619",2019-08-17,NA,NA,290.7369383
"1620",2019-08-18,NA,NA,291.422935
"1621",2019-08-19,NA,NA,291.7649237
"1622",2019-08-20,NA,NA,292.7405675
"1623",2019-08-21,NA,NA,291.8216573
"1624",2019-08-22,NA,NA,292.2682131
"1625",2019-08-23,NA,NA,292.8533306
"1626",2019-08-24,NA,NA,293.1975166
"1627",2019-08-25,NA,NA,NA
"1628",2019-08-26,NA,NA,NA
"1629",2019-08-27,NA,NA,NA
"1630",2019-08-28,NA,NA,NA
"1631",2019-08-29,NA,NA,NA
"1632",2019-08-30,NA,NA,294.8336345
"1633",2019-08-31,NA,NA,294.608695
"1634",2019-09-01,NA,NA,NA
"1635",2019-09-02,NA,NA,NA
"1636",2019-09-03,NA,NA,NA
"1637",2019-09-04,NA,NA,NA
"1638",2019-09-05,NA,NA,293.7429082
"1639",2019-09-06,NA,NA,294.8794327
"1640",2019-09-07,NA,NA,295.1492158
"1641",2019-09-08,NA,NA,295.2708628
"1642",2019-09-09,NA,NA,295.3305576
"1643",2019-09-10,NA,NA,295.5909182
"1644",2019-09-11,NA,NA,295.8851878
"1645",2019-09-12,NA,NA,294.5965988
"1646",2019-09-13,NA,NA,295.8807773
"1647",2019-09-14,NA,NA,NA
"1648",2019-09-15,NA,NA,NA
"1649",2019-09-16,NA,NA,NA
"1650",2019-09-17,NA,NA,296.7578383
"1651",2019-09-18,NA,NA,296.649183
"1652",2019-09-19,NA,NA,296.6396541
"1653",2019-09-20,NA,NA,296.0708483
"1654",2019-09-21,NA,NA,296.5553249
"1655",2019-09-22,NA,NA,296.4682494
"1656",2019-09-23,NA,NA,296.4239591
"1657",2019-09-24,NA,NA,296.3721566
"1658",2019-09-25,NA,NA,295.8961838
"1659",2019-09-26,NA,NA,294.2134857
"1660",2019-09-27,NA,NA,282.5621517
"1661",2019-09-28,NA,NA,278.2716547
"1662",2019-09-29,NA,NA,277.8003587
"1663",2019-09-30,NA,NA,279.0255503
"1664",2019-10-01,NA,NA,271.9694063
"1665",2019-10-02,NA,NA,269.1594355
"1666",2019-10-03,NA,NA,268.1456682
"1667",2019-10-04,NA,NA,267.8026023
"1668",2019-10-05,NA,NA,266.0336642
"1669",2019-10-06,NA,NA,262.2691977
"1670",2019-10-07,NA,NA,258.1425309
"1671",2019-10-08,NA,NA,256.513475
"1672",2019-10-09,NA,NA,255.899564
"1673",2019-10-10,NA,NA,256.1448415
"1674",2019-10-11,NA,NA,253.1729529
"1675",2019-10-12,NA,NA,249.1131154
"1676",2019-10-13,NA,NA,241.7957938
"1677",2019-10-14,NA,NA,238.8043588
"1678",2019-10-15,NA,NA,237.0060462
"1679",2019-10-16,NA,NA,234.8108202
"1680",2019-10-17,NA,NA,240.360785
"1681",2019-10-18,NA,NA,239.4862657
"1682",2019-10-19,NA,NA,236.2158027
"1683",2019-10-20,NA,NA,229.1896022
"1684",2019-10-21,NA,NA,227.1296462
"1685",2019-10-22,NA,NA,225.8036799
"1686",2019-10-23,NA,NA,221.7479986
"1687",2019-10-24,NA,NA,220.8555295
"1688",2019-10-25,NA,NA,220.2689093
"1689",2019-10-26,NA,NA,220.4502776
"1690",2019-10-27,NA,NA,216.6595119
"1691",2019-10-28,NA,NA,218.2305027
"1692",2019-10-29,NA,NA,214.4603111
"1693",2019-10-30,NA,NA,213.6686235
"1694",2019-10-31,NA,NA,212.0495118
"1695",2019-11-01,NA,NA,210.8797361
"1696",2019-11-02,NA,NA,209.8828305
"1697",2019-11-03,NA,NA,209.5952529
"1698",2019-11-04,NA,NA,220.4254667
"1699",2019-11-05,NA,NA,224.9428256
"1700",2019-11-06,NA,NA,224.8042047
"1701",2019-11-07,NA,NA,224.8069178
"1702",2019-11-08,NA,NA,224.7969169
"1703",2019-11-09,NA,NA,224.791167
"1704",2019-11-10,NA,NA,224.8599805
"1705",2019-11-11,NA,NA,224.9052084
"1706",2019-11-12,NA,NA,225.0096259
"1707",2019-11-13,NA,NA,224.9616797
"1708",2019-11-14,NA,NA,224.9503773
"1709",2019-11-15,NA,NA,224.8996718
"1710",2019-11-16,NA,NA,224.9691993
"1711",2019-11-17,NA,NA,225.2527642
"1712",2019-11-18,NA,NA,225.2589049
"1713",2019-11-19,NA,NA,NA
"1714",2019-11-20,NA,NA,NA
"1715",2019-11-21,NA,NA,NA
"1716",2019-11-22,NA,NA,NA
"1717",2019-11-23,NA,NA,NA
"1718",2019-11-24,NA,NA,NA
"1719",2019-11-25,NA,NA,NA
"1720",2019-11-26,NA,NA,223.3837659
"1721",2019-11-27,NA,NA,222.3157566
"1722",2019-11-28,NA,NA,221.4141229
"1723",2019-11-29,NA,NA,221.3134412
"1724",2019-11-30,NA,NA,221.0378685
"1725",2019-12-01,NA,NA,220.7798978
"1726",2019-12-02,NA,NA,220.1794104
"1727",2019-12-03,NA,NA,219.3372237
"1728",2019-12-04,NA,NA,219.0130579
"1729",2019-12-05,NA,NA,218.7238131
"1730",2019-12-06,NA,NA,220.0755354
"1731",2019-12-07,NA,NA,224.1433517
"1732",2019-12-08,NA,NA,223.7450826
"1733",2019-12-09,NA,NA,223.4219907
"1734",2019-12-10,NA,NA,223.0929629
"1735",2019-12-11,NA,NA,222.7865872
"1736",2019-12-12,NA,NA,222.0803213
"1737",2019-12-13,NA,NA,221.761247
"1738",2019-12-14,NA,NA,221.9828872
"1739",2019-12-15,NA,NA,222.219668
"1740",2019-12-16,NA,NA,221.5879318
"1741",2019-12-17,NA,NA,221.4285246
"1742",2019-12-18,NA,NA,221.4237137
"1743",2019-12-19,NA,NA,221.3516595
"1744",2019-12-20,NA,NA,222.7062513
"1745",2019-12-21,NA,NA,224.5651219
"1746",2019-12-22,NA,NA,224.9582528
"1747",2019-12-23,NA,NA,225.0228883
"1748",2019-12-24,NA,NA,225.1169074
"1749",2019-12-25,NA,NA,225.1099326
"1750",2019-12-26,NA,NA,225.0915368
"1751",2019-12-27,NA,NA,224.9363656
"1752",2019-12-28,NA,NA,224.8112844
"1753",2019-12-29,NA,NA,224.5278563
"1754",2019-12-30,NA,NA,224.5171103
"1755",2019-12-31,NA,NA,224.026658
"1756",2020-01-01,NA,NA,223.0464635
"1757",2020-01-02,NA,NA,222.3858663
"1758",2020-01-03,NA,NA,223.2303993
"1759",2020-01-04,NA,NA,224.3290247
"1760",2020-01-05,NA,NA,223.9677727
"1761",2020-01-06,NA,NA,223.7396438
"1762",2020-01-07,NA,NA,223.5405675
"1763",2020-01-08,NA,NA,223.2107301
"1764",2020-01-09,NA,NA,223.5531107
"1765",2020-01-10,NA,NA,223.7595112
"1766",2020-01-11,NA,NA,223.6179103
"1767",2020-01-12,NA,NA,223.4697776
"1768",2020-01-13,NA,NA,NA
"1769",2020-01-14,NA,NA,NA
"1770",2020-01-15,NA,NA,223.1633189
"1771",2020-01-16,NA,NA,223.0455308
"1772",2020-01-17,NA,NA,222.9940238
"1773",2020-01-18,NA,NA,NA
"1774",2020-01-19,NA,NA,NA
"1775",2020-01-20,NA,NA,NA
"1776",2020-01-21,NA,NA,222.4286572
"1777",2020-01-22,NA,NA,222.320957
"1778",2020-01-23,NA,NA,222.3400782
"1779",2020-01-24,NA,NA,222.3113651
"1780",2020-01-25,NA,NA,222.2457959
"1781",2020-01-26,NA,NA,222.3128477
"1782",2020-01-27,NA,NA,222.1402636
"1783",2020-01-28,NA,NA,222.1390845
"1784",2020-01-29,NA,NA,222.2717708
"1785",2020-01-30,NA,NA,222.4647341
"1786",2020-01-31,NA,NA,223.0877623
"1787",2020-02-01,NA,NA,224.2310651
"1788",2020-02-02,NA,NA,224.1187828
"1789",2020-02-03,NA,NA,224.1688064
"1790",2020-02-04,NA,NA,224.0190382
"1791",2020-02-05,NA,NA,224.0658919
"1792",2020-02-06,NA,NA,224.1053007
"1793",2020-02-07,NA,NA,224.0915735
"1794",2020-02-08,NA,NA,223.9452982
"1795",2020-02-09,NA,NA,223.948835
"1796",2020-02-10,NA,NA,223.9054184
"1797",2020-02-11,NA,NA,223.7468228
"1798",2020-02-12,NA,NA,223.8611751
"1799",2020-02-13,NA,NA,223.9047863
"1800",2020-02-14,NA,NA,223.8419104
"1801",2020-02-15,NA,NA,223.8046047
"1802",2020-02-16,NA,NA,223.9018953
"1803",2020-02-17,NA,NA,223.83025
"1804",2020-02-18,NA,NA,223.9866131
"1805",2020-02-19,NA,NA,224.1918227
"1806",2020-02-20,NA,NA,211.740395
"1807",2020-02-21,NA,NA,212.2457995
"1808",2020-02-22,NA,NA,214.0361049
"1809",2020-02-23,NA,NA,215.2357485
"1810",2020-02-24,NA,NA,216.2572836
"1811",2020-02-25,NA,NA,217.1579605
"1812",2020-02-26,NA,NA,218.0014021
"1813",2020-02-27,NA,NA,220.6494587
"1814",2020-02-28,NA,NA,223.5990929
"1815",2020-02-29,NA,NA,224.1699679
"1816",2020-03-01,NA,NA,224.2353095
"1817",2020-03-02,NA,NA,224.2201556
"1818",2020-03-03,NA,NA,224.4760408
"1819",2020-03-04,NA,NA,224.6663443
"1820",2020-03-05,NA,NA,224.662687
"1821",2020-03-06,NA,NA,224.7819452
"1822",2020-03-07,NA,NA,224.7996015
"1823",2020-03-08,NA,NA,224.8145684
"1824",2020-03-09,NA,NA,224.7925575
"1825",2020-03-10,NA,NA,224.6655236
"1826",2020-03-11,NA,NA,224.6389588
"1827",2020-03-12,NA,NA,224.6447462
"1828",2020-03-13,NA,NA,224.5562011
"1829",2020-03-14,NA,NA,224.6679478
"1830",2020-03-15,NA,NA,224.6140043
"1831",2020-03-16,NA,NA,224.6031546
"1832",2020-03-17,NA,NA,224.6107011
"1833",2020-03-18,NA,NA,224.558076
"1834",2020-03-19,NA,NA,224.6496057
"1835",2020-03-20,NA,NA,224.6111657
"1836",2020-03-21,NA,NA,224.5330913
"1837",2020-03-22,NA,NA,224.5386593
"1838",2020-03-23,NA,NA,224.4291637
"1839",2020-03-24,NA,NA,224.4927359
"1840",2020-03-25,NA,NA,224.4089505
"1841",2020-03-26,NA,NA,224.4633965
"1842",2020-03-27,NA,NA,224.7343994
"1843",2020-03-28,NA,NA,224.6554505
"1844",2020-03-29,NA,NA,224.5971059
"1845",2020-03-30,NA,NA,224.5029157
"1846",2020-03-31,NA,NA,224.5423318
"1847",2020-04-01,NA,NA,224.5105342
"1848",2020-04-02,NA,NA,224.5931526
"1849",2020-04-03,NA,NA,224.5403137
"1850",2020-04-04,NA,NA,224.4438835
"1851",2020-04-05,NA,NA,224.6134032
"1852",2020-04-06,NA,NA,224.50066
"1853",2020-04-07,NA,NA,224.5207673
"1854",2020-04-08,NA,NA,224.5335447
"1855",2020-04-09,NA,NA,224.5502589
"1856",2020-04-10,NA,NA,224.5060244
"1857",2020-04-11,NA,NA,224.5881914
"1858",2020-04-12,NA,NA,224.6677315
"1859",2020-04-13,NA,NA,224.5815884
"1860",2020-04-14,NA,NA,224.646203
"1861",2020-04-15,NA,NA,224.6078495
"1862",2020-04-16,NA,NA,224.6336743
"1863",2020-04-17,NA,NA,224.6747914
"1864",2020-04-18,NA,NA,224.6582085
"1865",2020-04-19,NA,NA,224.6525003
"1866",2020-04-20,NA,NA,224.667059
"1867",2020-04-21,NA,NA,224.735337
"1868",2020-04-22,NA,NA,224.661196
"1869",2020-04-23,NA,NA,224.617596
"1870",2020-04-24,NA,NA,224.6359569
"1871",2020-04-25,NA,NA,224.5538101
"1872",2020-04-26,NA,NA,224.5392177
"1873",2020-04-27,NA,NA,224.5208704
"1874",2020-04-28,NA,NA,224.5743987
"1875",2020-04-29,NA,NA,224.6115594
"1876",2020-04-30,NA,NA,224.6599531
"1877",2020-05-01,NA,NA,224.7061048
"1878",2020-05-02,NA,NA,224.6295268
"1879",2020-05-03,NA,NA,224.6375214
"1880",2020-05-04,NA,NA,224.6268449
"1881",2020-05-05,NA,NA,224.702275
"1882",2020-05-06,NA,NA,224.8607499
"1883",2020-05-07,NA,NA,224.7929844
"1884",2020-05-08,NA,NA,224.7611864
"1885",2020-05-09,NA,NA,224.7748107
"1886",2020-05-10,NA,NA,224.7640363
"1887",2020-05-11,NA,NA,224.7221841
"1888",2020-05-12,NA,NA,224.6446891
"1889",2020-05-13,NA,NA,224.6710911
"1890",2020-05-14,NA,NA,224.522903
"1891",2020-05-15,NA,NA,224.6104493
"1892",2020-05-16,NA,NA,224.5627473
"1893",2020-05-17,NA,NA,224.4579061
"1894",2020-05-18,NA,NA,224.4890666
"1895",2020-05-19,NA,NA,224.4257715
"1896",2020-05-20,NA,NA,224.3825847
"1897",2020-05-21,NA,NA,224.3223625
"1898",2020-05-22,NA,NA,224.2295469
"1899",2020-05-23,NA,NA,224.2020345
"1900",2020-05-24,NA,NA,224.0789377
"1901",2020-05-25,NA,NA,224.1027754
"1902",2020-05-26,NA,NA,223.9999125
"1903",2020-05-27,NA,NA,223.6368025
"1904",2020-05-28,NA,NA,224.0065818
"1905",2020-05-29,NA,NA,223.9319185
"1906",2020-05-30,NA,NA,223.9570615
"1907",2020-05-31,NA,NA,223.8840037
"1908",2020-06-01,NA,NA,223.8939709
"1909",2020-06-02,NA,NA,223.8998308
"1910",2020-06-03,NA,NA,223.7992213
"1911",2020-06-04,NA,NA,223.8350338
"1912",2020-06-05,NA,NA,223.7981115
"1913",2020-06-06,NA,NA,224.347578
"1914",2020-06-07,NA,NA,224.5653131
"1915",2020-06-08,NA,NA,224.4832919
"1916",2020-06-09,NA,NA,224.399748
"1917",2020-06-10,NA,NA,224.4420299
"1918",2020-06-11,NA,NA,224.446045
"1919",2020-06-12,NA,NA,224.4229913
"1920",2020-06-13,NA,NA,224.4572536
"1921",2020-06-14,NA,NA,224.480195
"1922",2020-06-15,NA,NA,224.3954415
"1923",2020-06-16,NA,NA,224.4262549
"1924",2020-06-17,NA,NA,224.373913
"1925",2020-06-18,NA,NA,224.2318783
"1926",2020-06-19,NA,NA,224.1983273
"1927",2020-06-20,NA,NA,224.1416815
"1928",2020-06-21,NA,NA,224.1827727
"1929",2020-06-22,NA,NA,224.1703211
"1930",2020-06-23,NA,NA,224.1237806
"1931",2020-06-24,NA,NA,224.0729677
"1932",2020-06-25,NA,NA,224.0137039
"1933",2020-06-26,NA,NA,223.9191154
"1934",2020-06-27,NA,NA,223.8617874
"1935",2020-06-28,NA,NA,223.7643823
"1936",2020-06-29,NA,NA,223.7662716
"1937",2020-06-30,NA,NA,223.7526532
